44.752,51.25,50,2.26,0,211.56,0,36.295,21.846,0.0182
44.768,51.25,50,2.26,0,211.56,0,36.295,21.846,0.0173
44.782,51.25,50,2.26,0,211.55,0,36.304,21.872,0.0175
44.801,51.25,50,2.26,0,211.55,0,36.304,21.828,0.0174
44.819,51.25,50,2.26,0,211.55,0,36.304,21.854,0.017
44.838,51.25,50,2.25,0,211.55,0,36.304,21.872,0.0175
44.852,51.25,50,2.25,0,211.56,5.332,36.292,21.863,0.0177
44.868,51.188,50,2.25,-3.9334,211.57,5.332,36.22,21.854,0.0173
44.883,51.188,50,2.25,0,211.57,0,36.22,21.863,0.0198
44.9,51.125,50,2.24,-3.6725,211.58,0,36.15,21.846,0.0175
44.918,51.125,50,2.24,0,211.57,-5.332,36.16,21.854,0.0286
44.934,51.062,50,2.25,-3.9753,211.55,0,36.117,21.837,0.0177
44.95,51.062,50,2.25,0,211.54,-5.332,36.127,21.846,0.0192
44.967,51.062,50,2.24,0,211.54,0,36.124,21.846,0.0181
44.981,51.062,50,2.24,0,211.54,0,36.124,21.846,0.0159
45,51.062,50,2.24,0,211.54,0,36.127,21.846,0.0172
45.017,51.062,50,2.23,0,211.54,0,36.127,21.837,0.0172
45.031,51,50,2.23,-4.3061,211.54,0,36.064,21.854,0.0172
45.052,50.938,50,2.23,-2.9709,211.54,0,36.002,21.863,0.0201
45.068,50.938,50,2.23,0,211.54,0,35.999,21.854,0.0178
45.082,50.875,50,2.22,-4.3101,211.53,0,35.947,21.872,0.0192
45.101,50.875,50,2.23,0,211.57,5.332,35.907,21.863,0.0303
45.116,50.812,50,2.23,-3.9713,211.6,-15.996,35.818,21.846,0.0174
45.131,50.75,50,2.23,-4.2014,211.51,-5.332,35.841,21.863,0.018
45.151,50.625,50,2.23,-6.4058,211.43,-5.332,35.795,21.846,0.0177
45.168,50.562,50,2.22,-3.678,211.33,-10.664,35.839,21.846,0.0169
45.182,50.375,50,2.22,-12.933,211.25,-21.328,35.73,21.89,0.0213
45.199,50.25,50,2.22,-7.2967,211.21,26.66,35.643,21.872,0.0229
45.218,50.188,50,2.22,-3.4268,211.18,-5.332,35.609,21.863,0.0544
45.232,50.062,50,2.21,-8.5447,211.15,-5.332,35.514,21.846,0.025
45.251,49.938,50,2.22,-6.8481,211.09,31.992,35.447,21.863,0.0202
45.268,49.812,50,2.22,-7.3004,211.01,-5.332,35.41,21.863,0.0308
45.282,49.625,50,2.22,-12.937,210.93,-5.332,35.301,21.846,0.0233
45.299,49.312,50,2.21,-18.105,210.9,85.312,35.021,21.854,0.0235
45.318,49.125,50,2.21,-10.206,210.89,37.324,34.841,21.846,0.1112
45.333,48.75,50,2.21,-25.431,210.92,26.66,34.435,21.846,0.029
45.351,48.438,50,2.22,-17.123,210.95,202.62,34.089,21.854,0.0353
45.368,48.25,50,2.21,-11.029,211,63.984,33.859,21.846,0.1104
45.382,47.875,50,2.21,-25.848,211.14,58.652,33.343,21.828,0.0365
45.4,47.562,50,2.21,-18.109,211.3,133.3,32.862,21.881,0.0447
45.418,47.375,50,2.21,-10.28,211.49,47.988,32.494,21.846,0.1224
45.432,47,50,2.21,-25.867,211.71,63.984,31.895,21.854,0.0427
45.449,46.688,50,2.2,-18.226,211.89,117.3,31.398,21.863,0.0456
45.469,46.5,50,2.2,-9.5561,212.05,63.984,31.053,21.881,0.1288
45.484,46,50,2.21,-34.224,212.23,5.332,30.378,21.837,0.1081
45.5,45.5,50,2.21,-31.227,212.36,95.977,29.74,21.854,0.0515
45.518,45.188,50,2.22,-17.016,212.47,-5.332,29.322,21.846,0.192
45.533,44.5,50,2.22,-46.608,212.58,69.316,28.527,21.854,0.055
45.55,43.812,50,2.21,-40.127,212.7,42.656,27.722,21.854,0.1284
45.569,43.438,50,2.23,-19.918,212.79,37.324,27.248,21.837,0.091
45.583,42.688,50,2.23,-51.146,213,69.316,26.294,21.828,0.0687
45.601,41.938,50,2.24,-43.79,213.28,90.644,25.261,21.863,0.1031
45.618,41.5,50,3.25,-25.723,213.6,-15.996,24.501,21.846,0.2386
45.634,40.75,50,2.25,-46.918,214.02,42.656,23.332,21.863,0.1102
45.649,40.375,50,2.27,-23.776,214.54,5.332,22.44,21.863,0.2214
45.664,39.688,50,2.27,-47.458,215.14,79.98,21.149,21.872,0.2441
45.68,39.188,50,2.3,-31.727,216.35,538.53,19.446,21.828,0.1116
45.701,38.812,50,2.31,-17.762,217.78,442.56,17.633,21.846,0.2448
45.718,38.75,50,2.31,-3.6498,219.07,431.89,16.28,21.828,0.254
45.734,38.875,50,2.37,7.9326,220.81,447.89,14.668,21.819,0.1328
45.749,39.188,50,2.37,19.648,222.74,533.2,13.053,21.828,0.135
45.768,39.438,50,2.42,13.331,224.43,549.2,11.616,21.846,0.0258
45.784,40,50,4.44,35.532,226.65,501.21,9.9531,21.854,0.1177
45.8,40.562,50,2.44,35.684,229.02,431.89,8.1426,21.846,0.0999
45.818,40.875,50,2.51,17.135,231,762.48,6.4836,21.828,0.1084
45.832,41.5,50,2.51,45.809,233.66,682.5,4.4451,21.828,0.1279
45.85,42.062,50,2.57,30.839,236.31,623.85,2.3586,21.837,0.1233
45.869,42.312,50,2.61,13.384,238.65,677.17,0.2661,21.863,0.0062
45.884,42.812,50,2.61,31.623,241.16,703.83,-1.7461,21.846,0.0815
45.901,43.312,50,2.69,29.375,243.88,703.83,-3.9597,21.863,0.1141
45.917,43.625,50,2.69,19.852,245.99,853.12,-5.7566,21.837,0.0953
45.932,44.25,50,2.77,41.95,249.26,805.13,-8.4019,21.828,0.1272
45.95,44.938,50,2.81,37.719,252.44,826.46,-10.898,21.837,0.1365
45.969,45.312,50,2.82,20.426,255.08,767.81,-13.166,21.837,0.0651
45.984,46.062,50,2.91,50.524,257.84,554.53,-15.177,21.828,0.0841
46.002,46.688,50,2.92,34.389,260.11,458.55,-16.821,21.854,0.0799
46.018,47,50,3.01,19.511,261.87,682.5,-18.268,21.837,0.0101
46.032,47.5,50,3.05,34.212,264.62,602.52,-20.514,21.846,0.105
46.051,47.938,50,3.06,23.966,267.59,789.14,-23.052,21.837,0.0818
46.068,48.125,50,3.14,10.8,270.07,767.81,-25.34,21.854,0.0041
46.083,48.312,50,3.15,12.718,272.96,661.17,-28.041,21.854,0.0798
46.1,48.312,50,3.19,0,275.05,335.92,-30.135,21.837,0.0689
46.12,48,50,3.19,-15.749,276.86,351.91,-32.259,21.837,0.0741
46.139,47.75,50,3.2,-13.332,278.33,479.88,-33.978,21.81,0.1972
46.153,46.812,50,3.19,-64.111,280.17,517.2,-36.752,21.837,0.2304
46.168,46.375,50,3.2,-28.736,282.44,661.17,-39.458,21.837,0.2411
46.183,45.625,50,3.17,-50.911,285.36,847.79,-43.133,21.837,0.2607
46.201,45.125,50,3.15,-28.516,288.38,847.79,-46.652,21.828,0.162
46.219,45.062,50,3.16,-3.423,290.81,613.18,-49.138,21.837,0.3084
46.234,45.25,50,3.13,12.649,293.28,634.51,-51.426,21.801,0.1422
46.251,45.75,50,3.14,29.401,296.21,810.47,-53.856,21.828,0.0769
46.269,46.125,50,3.15,21.124,299.06,965.09,-56.33,21.828,0.0028
46.283,47,50,3.18,59.316,303.17,1066.4,-59.568,21.801,0.0921
46.301,47.938,50,3.19,53.451,307.2,938.44,-62.662,21.828,0.1321
46.32,48.438,50,3.23,26.726,310.35,837.13,-65.303,21.81,0.0582
46.334,49.188,50,3.24,51.268,313.24,757.15,-67.449,21.828,0.0363
46.35,49.812,50,3.28,38.766,315.87,618.51,-69.456,21.828,0.0842
46.367,50,50,3.3,10.959,317.86,735.82,-71.259,21.846,0.0534
46.382,50.188,50,3.31,12.736,320.84,655.84,-74.05,21.854,0.0969
46.401,50.125,50,4.58,-3.3962,323.54,565.19,-76.81,21.846,0.0855
46.419,49.938,50,4.59,-10.248,325.51,661.17,-78.966,21.828,0.1242
46.432,49.438,50,4.54,-37.16,327.47,661.17,-81.426,21.854,0.1143
46.451,48.812,50,4.43,-34.234,329.28,474.55,-83.86,21.837,0.2515
46.468,48.438,50,4.44,-21.73,330.88,479.88,-85.837,21.775,0.2471
46.482,47.875,50,4.34,-38.498,333.41,789.14,-88.926,21.837,0.1441
46.501,47.5,50,-0.71,-20.391,336.38,799.8,-92.272,21.837,0.1357
46.519,47.375,50,4.3,-6.7556,339.09,767.81,-95.115,21.837,0.2995
46.534,47.375,50,4.23,0,342.15,741.15,-98.169,21.81,0.1333
46.551,47.562,50,-1,10.869,345.07,810.46,-100.9,21.828,0.1404
46.568,47.75,50,4.17,10.92,347.78,858.45,-103.42,21.819,0.0434
46.583,48,50,4.14,16.712,350.9,821.13,-106.3,21.81,0.1026
46.601,48.312,50,4.11,18.125,353.83,687.83,-108.91,21.828,0.1103
46.618,48.312,50,4.12,0,355.88,698.49,-110.96,21.81,0.0468
46.634,48.25,50,4.12,-3.9309,358.62,618.51,-113.76,21.837,0.1093
46.651,47.938,50,4.13,-17.895,0.9863,639.84,-116.44,21.81,0.1359
46.668,47.75,50,4.18,-10.912,3.2129,730.48,-118.86,21.81,0.3012
46.683,47.375,50,8.23,-25.514,6.1719,773.14,-122.19,21.81,0.1373
46.701,47.188,50,4.24,-10.252,9.104,794.47,-125.31,21.792,0.2032
46.719,47.188,50,4.4,0,11.631,751.81,-127.84,21.828,0.244
46.734,47.375,50,11.49,12.499,14.912,874.45,-130.93,21.837,0.1566
46.751,47.75,50,4.5,21.452,18.308,837.13,-133.95,21.828,0.0967
46.768,48,50,4.63,14.57,20.984,847.79,-136.38,21.828,-0.0013
46.783,48.5,50,4.64,33.978,24.412,879.78,-139.31,21.828,0.0977
46.8,49,50,4.74,29.196,27.93,762.48,-142.32,21.819,0.1169
46.819,49.25,50,5.76,13.513,30.603,831.79,-144.75,21.846,0.0266
46.834,49.625,50,4.78,25.186,33.52,607.85,-147.29,21.828,0.0992
46.852,49.812,50,4.76,10.074,36.14,629.18,-149.72,21.81,0.0556
46.868,49.875,50,4.77,3.8993,38.203,677.16,-151.72,21.828,0.0418
46.883,49.875,50,4.69,0,41.023,687.83,-154.54,21.846,0.1044
46.901,49.75,50,-1,-7.1976,43.621,645.17,-157.27,21.828,0.1101
46.919,49.562,50,4.65,-9.9271,45.847,607.85,-159.68,21.81,0.1418
46.935,49.25,50,4.51,-19.69,48.259,671.83,-162.4,21.819,0.1198
46.951,49.062,50,4.52,-11.722,50.82,751.81,-165.15,21.837,0.1737
46.968,49,50,4.36,-3.6644,53.052,623.84,-167.45,21.792,0.1591
46.984,49,50,-1,0,56.103,783.8,-170.5,21.828,0.1369
47.001,49.062,50,4.29,3.6455,59.219,821.13,-173.55,21.837,0.1365
47.018,49.125,50,4.16,3.5407,61.758,821.13,-176.03,21.828,0.1045
47.033,49.188,50,4.17,4.2536,65.183,895.78,-179.39,21.81,0.1547
47.053,49.25,50,4.06,3.1213,68.367,725.15,177.49,21.828,0.1193
47.069,49.312,50,4.03,3.9354,70.535,671.83,175.38,21.828,0.1099
47.084,49.312,50,1,0,73.003,586.52,172.91,21.854,0.0961
47.101,49.188,50,4,-7.2855,75.388,634.51,170.4,21.837,0.1151
47.12,49.062,50,4.01,-6.6225,77.954,730.48,167.71,21.828,0.1965
47.135,48.562,50,4.01,-33.972,80.73,730.48,164.44,21.828,0.1992
47.152,48.062,50,4.04,-28.88,83.557,709.16,161.11,21.81,0.1694
47.169,47.875,50,4.12,-10.808,85.859,677.16,158.62,21.837,0.2194
47.184,47.688,50,4.13,-12.746,88.74,693.16,155.55,21.828,0.1407
47.201,47.75,50,4.23,3.6743,91.782,821.13,152.57,21.81,0.2025
47.219,47.75,50,4.3,0,94.548,895.78,149.81,21.81,0.1543
47.233,47.938,50,4.31,12.948,98.208,826.46,146.33,21.81,0.1417
47.252,48.062,50,4.41,6.795,101.52,815.8,143.14,21.828,0.1158
47.27,48.125,50,4.41,3.3783,104.28,757.14,140.45,21.828,0.1135
47.286,48.312,50,4.48,11.721,107.22,741.15,137.7,21.828,0.1159
47.301,48.562,50,4.51,16.933,110.23,799.8,134.93,21.828,0.1442
47.32,48.75,50,4.52,9.9038,113.3,885.11,132.05,21.828,0.0719
47.334,49,50,4.52,17.202,116.68,831.79,128.92,21.828,0.1254
47.352,49.188,50,4.53,10.669,119.98,762.47,125.82,21.81,0.1238
47.369,49.188,50,4.5,0,122.48,895.78,123.31,21.828,0.1531
47.384,49.188,50,4.48,0,125.68,853.12,120.11,21.828,0.147
47.401,49.25,50,4.48,3.679,128.79,874.45,117.06,21.828,0.1333
47.419,49.25,50,4.45,0,131.36,879.78,114.5,21.819,0.129
47.433,49.25,50,4.45,0,135.01,938.43,110.84,21.828,0.1685
47.452,49.25,50,4.4,0,138.34,837.12,107.51,21.792,0.1377
47.469,49.188,50,4.41,-3.5733,140.97,805.13,104.82,21.819,0.1338
47.484,49.188,50,4.41,0,144.12,735.81,101.67,21.828,0.1305
47.502,49.125,50,4.42,-3.3967,146.94,719.82,98.786,21.819,0.13
47.519,49.125,50,4.43,0,149.57,810.46,96.162,21.828,0.1479
47.533,49.125,50,4.49,0,153.05,826.46,92.683,21.846,0.1404
47.551,49.062,50,4.52,-3.5771,156.43,901.11,89.234,21.837,0.1523
47.569,49,50,4.53,-3.3901,159.23,805.13,86.371,21.828,0.1711
47.585,48.875,50,4.6,-8.1638,162.44,847.79,83.038,21.81,0.1599
47.603,48.812,50,4.61,-3.3964,165.66,927.77,79.76,21.819,0.1613
47.619,48.875,50,4.65,3.9216,168.6,991.75,76.881,21.801,0.1842
47.634,49,50,4.65,8.4712,172.59,954.43,73.012,21.828,0.1535
47.651,49.188,50,4.66,10.788,176.16,885.11,69.635,21.828,0.1445
47.668,49.25,50,4.63,3.6322,178.71,826.46,67.144,21.81,0.1089
47.683,49.438,50,4.64,12.677,182.16,826.46,63.879,21.81,0.1344
47.702,49.625,50,4.58,10.173,185.52,1002.4,60.712,21.81,0.1571
47.72,49.75,50,4.55,6.6719,189.11,959.76,57.243,21.81,0.0816
47.735,50,50,4.55,17.078,192.67,1002.4,53.934,21.81,0.1019
47.751,50.312,50,4.47,19.701,196.15,757.14,50.772,21.819,0.1272
47.769,50.438,50,4.47,6.7885,198.84,810.46,48.207,21.863,0.02
47.784,50.562,50,4.39,8.569,201.87,799.8,45.297,21.819,0.1387
47.801,50.438,50,4.35,-7.3524,204.99,810.46,42.054,21.819,0.1241
47.819,50.375,50,4.35,-3.3755,207.54,837.12,39.441,21.792,0.2208
47.835,50.25,50,4.29,-7.9369,210.71,789.13,36.142,21.81,0.1293
47.851,50,50,4.29,-15.642,213.65,826.46,32.96,21.819,0.1413
47.869,49.938,50,4.26,-3.3921,216.28,874.45,30.258,21.837,0.307
47.884,49.688,50,4.25,-16.707,219.77,922.44,26.519,21.837,0.1611
47.902,49.562,50,4.25,-7.2435,223.22,901.11,22.947,21.81,0.1498
47.919,49.562,50,4.25,0,225.99,847.79,20.176,21.81,0.2149
47.934,49.688,50,4.25,8.3541,229.49,826.46,16.805,21.81,0.1386
47.952,49.938,50,4.27,13.416,232.93,789.13,13.608,21.828,0.1305
47.97,50.125,50,4.31,10.948,235.6,789.13,11.132,21.872,0.1318
47.984,50.5,50,4.31,25.42,238.88,831.79,8.2205,21.828,0.1364
48.002,50.562,50,4.36,3.5998,241.93,837.12,5.2361,21.854,0.0915
48.019,50.562,50,4.36,0,244.23,746.48,2.9387,21.828,0.0871
48.034,50.438,50,4.4,-8.1358,247.24,671.83,-0.199,21.837,0.1153
48.053,50.188,50,4.41,-13.533,250.12,778.47,-3.3323,21.801,0.128
48.069,50.062,50,4.41,-7.6869,252.67,853.12,-6.0037,21.837,0.2321
48.082,49.688,50,4.42,-27.874,256.45,1007.7,-10.16,21.837,0.163
48.102,49.375,50,4.42,-15.814,259.97,895.77,-13.991,21.801,0.2377
48.119,49.25,50,4.41,-7.2265,262.59,783.8,-16.733,21.81,0.2234
48.134,49.25,50,4.4,0,265.84,837.12,-19.99,21.81,0.1424
48.153,49.375,50,4.4,6.7499,269.25,874.45,-23.271,21.819,0.1516
48.169,49.562,50,4.4,11.606,272.07,890.44,-25.898,21.837,0.0919
48.184,49.875,50,4.39,21.242,275.8,847.79,-29.321,21.846,0.1522
48.202,50.062,50,4.39,10.006,279.31,741.15,-32.644,21.837,0.1055
48.219,50.062,50,4.38,0,281.61,714.49,-34.942,21.837,0.07
48.234,49.938,50,4.38,-8.3512,284.09,618.51,-37.547,21.828,0.1117
48.252,49.562,50,4.38,-21.913,286.82,778.47,-40.649,21.801,0.1329
48.271,49.375,50,4.41,-9.7262,290.03,975.76,-44.05,21.792,0.172
48.286,48.938,50,4.41,-29.77,293.66,981.09,-48.115,21.846,0.1639
48.302,48.625,50,4.43,-19.328,297.75,943.76,-52.519,21.81,0.3204
48.319,48.562,50,4.52,-3.6223,300.63,837.12,-55.465,21.801,0.3947
48.334,48.688,50,4.52,8.3453,304.28,831.79,-58.985,21.819,0.1643
48.352,49.062,50,4.61,20.529,307.88,954.43,-62.211,21.819,0.1521
48.371,49.312,50,7.65,13.433,311.21,991.75,-65.294,21.81,-0.0036
48.386,49.875,50,4.66,38.288,314.9,906.44,-68.418,21.828,0.1354
48.402,50.375,50,4.69,30.888,318.12,725.15,-71.135,21.854,0.0874
48.419,50.5,50,4.7,7.2342,320.02,645.17,-72.912,21.846,0.0083
48.434,50.438,50,4.69,-4.2117,322.61,714.49,-75.563,21.837,0.1211
48.452,50.125,50,4.7,-16.996,325.79,949.1,-79.059,21.792,0.1474
48.47,50,50,4.71,-7.0825,328.93,1029.1,-82.328,21.837,0.3349
48.486,49.75,50,4.68,-15.637,332.94,991.75,-86.59,21.81,0.1693
48.502,49.812,50,4.68,3.9257,336.6,847.79,-90.182,21.837,0.1683
48.519,49.875,50,4.67,3.5876,339.11,746.48,-92.629,21.846,0.1031
48.534,50.125,50,4.66,16.933,342.41,805.13,-95.68,21.828,0.1396
48.552,50.375,50,4.67,13.606,345.65,938.43,-98.675,21.81,0.1334
48.57,50.5,50,4.64,7.2642,348.76,1029.1,-101.65,21.81,0.06
48.584,50.688,50,4.64,12.68,352.49,922.44,-105.2,21.828,0.1457
48.603,50.812,50,4.61,6.8437,355.02,517.2,-107.61,21.819,0.0883
48.62,50.75,50,4.58,-3.6762,356.73,655.83,-109.37,21.837,0.0831
48.634,50.312,50,4.58,-29.918,359.23,789.14,-112.31,21.828,0.129
48.652,49.562,50,4.54,-42.172,2.4756,927.77,-116.31,21.837,0.1757
48.669,49.188,50,4.54,-21.95,5.2979,943.77,-119.51,21.748,0.2184
48.684,48.562,50,4.51,-42.387,9.1064,874.45,-123.94,21.819,0.1554
48.702,48.188,50,4.52,-20.277,12.253,725.15,-127.46,21.81,0.1967
48.721,48.125,50,4.52,-3.3519,14.961,810.46,-130.23,21.837,0.346
48.736,48.062,50,4.52,-4.2414,18.225,778.47,-133.56,21.801,0.144
48.752,48.062,50,4.51,0,22.117,997.09,-137.45,21.837,0.1583
48.769,48.188,50,4.51,7.2495,25.256,997.09,-140.46,21.81,0.148
48.784,48.438,50,4.52,16.558,28.987,735.81,-143.94,21.828,0.08
48.802,48.75,50,4.52,18.292,31.765,634.51,-146.41,21.828,0.0819
48.82,48.812,50,4.52,3.3902,34.155,815.79,-148.74,21.828,0.0893
48.836,48.875,50,4.52,3.9068,37.656,1077.1,-152.18,21.801,0.1289
48.852,48.938,50,4.54,3.8488,41.672,1093.1,-156.13,21.828,0.1375
48.869,49,50,4.54,3.6153,45.073,1098.4,-159.47,21.837,0.1097
48.884,49.188,50,4.54,12.651,49.355,1050.4,-163.56,21.828,0.1415
48.903,49.562,50,4.55,20.507,52.976,869.11,-166.81,21.819,0.0854
48.92,49.875,50,4.55,17.986,55.945,981.09,-169.47,21.837,0.095
48.935,50.5,50,4.56,42.439,59.734,1061.1,-172.63,21.837,0.0837
48.953,51.125,50,4.56,33.383,63.757,1055.7,-176.03,21.854,0.0382
48.969,51.438,50,4.56,19.614,66.668,970.42,-178.63,21.819,0.0049
48.984,51.812,50,5.57,25.039,69.658,549.19,178.76,21.837,0.0581
49.003,51.812,50,4.58,0,71.853,533.2,176.56,21.837,0.0364
49.02,51.625,50,4.59,-10.611,73.789,730.48,174.44,21.837,0.0825
49.035,50.875,50,4.59,-49.989,76.777,943.76,170.7,21.828,0.1142
49.054,50,50,4.62,-46.35,80.317,917.1,166.29,21.828,0.1166
49.071,49.625,50,5.63,-23.032,83.296,874.45,162.93,21.801,0.2744
49.085,48.875,50,4.63,-50.933,86.438,671.83,159.04,21.828,0.0996
49.102,48.312,50,4.62,-32.865,89.492,703.82,155.43,21.828,0.1668
49.12,48.125,50,4.63,-10.785,92.097,719.82,152.63,21.801,0.3915
49.135,48,50,4.61,-8.4801,95.813,895.77,148.79,21.81,0.136
49.152,47.938,50,1.58,-3.5991,99.368,837.12,145.17,21.81,0.1195
49.171,48,50,4.58,3.3047,102.05,693.15,142.55,21.846,0.1126
49.186,48,50,4.57,0,104.75,767.8,139.86,21.828,0.1112
49.203,47.812,50,4.57,-10.962,107.83,911.77,136.59,21.801,0.1205
49.22,47.688,50,4.54,-7.2285,110.83,981.09,133.46,21.81,0.1691
49.235,47.625,50,1.51,-4.2479,115.07,1125.1,129.16,21.81,0.159
49.253,47.688,50,4.51,3.4151,119.55,1167.7,124.74,21.801,0.1832
49.271,47.812,50,4.49,7.2016,123.3,1103.7,121.12,21.846,0.1476
49.285,48.188,50,4.49,25.175,127.59,1087.7,117.2,21.801,0.1505
49.303,48.938,50,4.45,43.917,131.79,1045.1,113.75,21.81,0.0604
49.32,49.438,50,-0.6,28.985,135.08,1125.1,110.96,21.81,-0.009
49.334,50.5,50,4.4,72.642,139.27,981.09,107.83,21.81,0.1097
49.353,51.562,50,4.38,57.349,143.05,922.43,105.12,21.837,0.0741
49.371,52,50,4.37,23.849,146.18,943.76,102.43,21.819,0.0696
49.387,52.625,50,4.35,40.947,149.46,890.44,99.774,21.837,-0.0037
49.402,52.812,50,6.37,11.813,152.86,906.44,96.558,21.846,0.0439
49.42,52.75,50,4.37,-3.5815,155.27,869.11,94.081,21.828,0.0135
49.435,52.5,50,4.38,-17.052,158.56,783.8,90.543,21.828,0.087
49.453,52,50,4.38,-26.965,161.45,778.47,87.152,21.837,0.1031
49.47,51.688,50,4.4,-18.147,163.96,757.14,84.327,21.784,0.1918
49.487,51.188,50,8.44,-30.826,167.16,783.8,80.634,21.837,0.0965
49.502,50.938,50,4.44,-15.715,170.83,954.43,76.712,21.801,0.191
49.52,50.875,50,4.45,-3.5832,173.69,837.12,73.786,21.792,0.2502
49.534,50.875,50,4.45,0,177.34,709.15,70.136,21.828,0.0907
49.553,50.875,50,4.5,0,179.91,586.51,67.57,21.819,0.0795
49.57,50.875,50,4.52,0,181.89,693.15,65.59,21.81,0.0868
49.585,50.625,50,4.52,-16.941,185.32,970.42,61.905,21.828,0.1071
49.603,50.188,50,4.52,-23.833,189.21,1087.7,57.578,21.854,0.1336
49.62,50,50,4.5,-10.904,192.23,890.44,54.373,21.792,0.2278
49.635,49.625,50,4.5,-25.31,195.53,730.48,50.702,21.854,0.0964
49.654,49.375,50,4.46,-13.614,198.72,821.12,47.259,21.819,0.1823
49.669,49.375,50,4.46,0,201.36,789.13,44.617,21.819,0.2518
49.684,49.438,50,4.43,4.2512,205.25,943.76,40.791,21.792,0.1249
49.703,49.688,50,4.36,13.602,208.82,922.43,37.476,21.828,0.1002
49.721,49.812,50,4.36,6.7568,211.59,735.81,34.825,21.828,0.0629
49.736,50.062,50,4.35,17.091,214.4,757.14,32.268,21.828,0.0924
49.753,50.25,50,4.35,10.948,217.64,858.45,29.211,21.819,0.0726
49.77,50.312,50,4.35,3.6745,220.48,1034.4,26.439,21.81,0.0419
49.785,50.625,50,4.37,21.011,224.67,965.09,22.562,21.81,0.1198
49.803,51.062,50,4.41,23.828,228.38,901.1,19.288,21.863,0.0824
49.822,51.5,50,6.43,23.093,231.67,613.17,16.435,21.81,0.0724
49.84,51.688,50,4.43,10.162,234.02,629.17,14.274,21.846,0.0222
49.855,51.75,50,4.49,4.2449,236.15,762.47,12.205,21.819,0.0318
49.87,51.688,50,4.49,-4.262,238.31,789.13,9.9866,21.846,0.0587
49.885,51.5,50,4.55,-12.733,241.77,927.76,6.3323,21.828,0.1063
49.903,51.312,50,4.57,-10.21,245.27,927.76,2.6462,21.81,0.1262
49.92,51.188,50,4.57,-7.2296,247.69,746.48,0.1067,21.846,0.1478
49.937,50.938,50,4.57,-15.321,250.41,639.84,-2.8679,21.828,0.088
49.952,50.562,50,2.56,-23.775,252.71,645.17,-5.5427,21.828,0.0861
49.971,50.375,50,4.56,-10.196,254.83,666.5,-7.8469,21.828,0.2614
49.985,50,50,4.53,-25.449,257.9,853.12,-11.293,21.81,0.1026
50.003,49.438,50,4.53,-32.606,261.68,949.09,-15.637,21.801,0.1579
50.02,49.188,50,4.47,-14.477,264.68,959.76,-18.886,21.828,0.2594
50.035,48.75,50,1.44,-28.918,268.77,938.43,-23.417,21.81,0.1186
50.055,48.75,50,4.44,0,272.41,965.09,-27.052,21.81,0.1376
50.071,48.812,50,4.44,3.9054,275.32,933.1,-29.907,21.828,0.1042
50.085,49.062,50,4.46,17.08,279.32,997.08,-33.657,21.792,0.1282
50.103,49.438,50,10.53,21.286,283.27,1007.7,-37.229,21.81,0.1329
50.12,49.688,50,4.53,14.59,286.37,874.44,-40.077,21.837,0.1077
50.136,50.062,50,4.56,23.106,289.97,730.48,-43.303,21.828,0.1221
50.155,50.312,50,4.56,13.484,293.1,703.82,-46.178,21.828,0.1125
50.171,50.312,50,4.64,0,295.88,997.08,-48.967,21.846,0.0519
50.186,50.125,50,4.7,-12.602,299.77,1077.1,-53.036,21.792,0.1645
50.203,49.75,50,4.7,-21.613,303.7,991.75,-57.344,21.837,0.1595
50.22,49.562,50,4.72,-10.922,306.71,911.77,-60.544,21.837,0.2272
50.235,49.25,50,4.7,-20.836,310.27,906.43,-64.416,21.801,0.17
50.253,49.125,50,4.7,-7.2592,313.79,965.09,-68.062,21.81,0.1909
50.272,49.25,50,4.64,6.3666,318.21,1167.7,-72.358,21.801,0.1936
50.291,49.312,50,4.6,3.3802,321.53,1087.7,-75.609,21.801,0.1239
50.306,49.625,50,-1,20.837,325.27,1114.4,-79.044,21.801,0.1485
50.32,49.812,50,4.51,12.81,328.56,1061.1,-82.14,21.828,0.0447
50.335,50.188,50,4.42,24.969,332.55,981.08,-85.757,21.828,0.1422
50.353,50.438,50,4.42,14.519,336.35,885.11,-89.31,21.801,0.1293
50.371,50.438,50,4.4,0,339.46,986.42,-92.413,21.801,0.0503
50.387,50.375,50,4.41,-3.8971,342.97,933.1,-95.987,21.828,0.1455
50.403,50.25,50,4.41,-7.7022,346.45,954.42,-99.593,21.828,0.1598
50.42,50.125,50,4.46,-7.3517,349.33,954.42,-102.6,21.792,0.1887
50.435,49.938,50,4.48,-12.604,353.46,1050.4,-106.91,21.792,0.1595
50.452,49.75,50,4.52,-10.962,357.56,1109.1,-111.21,21.81,0.1815
50.471,49.688,50,4.52,-3.3767,0.8032,933.1,-114.51,21.801,0.2618
50.486,49.75,50,4.51,4.1632,4.5337,858.45,-118.18,21.792,0.1499
50.504,49.875,50,3.5,6.8491,8.0347,1007.7,-121.55,21.792,0.1647
50.521,49.875,50,4.5,0,11.406,1013.1,-124.93,21.801,0.1431
50.535,49.625,50,4.46,-18.699,15.525,1119.7,-129.3,21.801,0.1694
50.554,49.25,50,4.46,-19.992,19.573,1045.1,-133.72,21.792,0.1262
50.571,49.125,50,4.42,-7.2464,22.788,1029.1,-137.06,21.73,0.1587
50.585,49.062,50,2.4,-4.5003,27.202,1082.4,-141.53,21.837,0.137
50.603,49.312,50,4.39,13.623,31.56,1082.4,-145.64,21.792,0.1211
50.622,49.562,50,4.36,13.496,35.098,1023.7,-148.93,21.819,0.006
50.636,50.125,50,4.36,37.829,39.023,975.75,-152.29,21.854,0.093
50.654,50.75,50,4.34,35.436,42.791,1114.4,-155.44,21.828,0.0257
50.671,50.938,50,5.35,11.04,46.382,1050.4,-158.84,21.828,0.0029
50.686,51.312,50,4.34,25.174,50.352,1023.7,-162.43,21.828,0.1154
50.703,51.438,50,4.42,7.3126,53.884,874.44,-165.84,21.792,0.0721
50.722,51.375,50,4.42,-3.2884,56.816,831.79,-168.84,21.828,0.0477
50.737,51.125,50,4.54,-17.227,59.9,858.45,-172.17,21.792,0.0959
50.754,50.75,50,10.61,-21.756,63.367,981.08,-176.01,21.828,0.1155
50.771,50.562,50,4.61,-10.943,66.367,922.43,-179.2,21.828,0.345
50.786,50.125,50,4.72,-28.926,70.31,959.76,176.42,21.81,0.1816
50.803,49.75,50,4.72,-21.582,73.901,938.43,172.45,21.801,0.1353
50.822,49.625,50,4.79,-6.7551,77.134,938.43,169.1,21.828,0.3544
50.837,49.438,50,4.81,-12.82,80.869,901.1,165.17,21.792,0.1905
50.853,49.312,50,4.81,-7.5808,84.897,1023.7,161.02,21.837,0.128
50.87,49.312,50,4.83,0,87.996,991.75,157.92,21.801,0.1451
50.886,49.312,50,4.83,0,92.3,943.76,153.62,21.81,0.1149
50.903,49.312,50,4.84,0,96.418,1103.7,149.5,21.819,0.1266
50.921,49.438,50,4.82,7.1995,99.824,1087.7,146.22,21.837,0.1184
50.937,49.625,50,4.82,11.799,103.98,895.77,142.25,21.81,0.1041
50.953,49.75,50,4.79,7.7555,107.38,826.45,138.98,21.819,0.0999
50.971,49.812,50,4.79,3.3809,110.25,821.12,136.17,21.828,0.0536
50.986,49.812,50,4.74,0,113.97,981.08,132.44,21.837,0.1112
51.003,49.688,50,4.73,-7.2488,118.01,1087.7,128.28,21.784,0.1357
51.021,49.562,50,4.74,-7.1989,121.4,1066.4,124.76,21.801,0.1985
51.036,49.188,50,4.73,-25.486,125.94,1087.7,119.85,21.792,0.1306
51.055,48.875,50,4.73,-15.779,130.11,1130.4,115.37,21.828,0.2557
51.071,48.875,50,4.72,0,133.56,1023.7,111.92,21.801,0.3223
51.086,49,50,4.71,8.4572,137.95,927.76,107.66,21.819,0.1158
51.103,49.25,50,4.72,14.635,141.9,1007.7,103.96,21.792,0.117
51.123,49.562,50,4.69,15.802,146.36,954.42,99.802,21.837,0.1205
51.143,49.812,50,4.69,12.666,150.46,1055.7,95.961,21.775,0.0684
51.159,50.125,50,4.63,19.063,154.21,1087.7,92.516,21.837,0.0765
51.174,50.375,50,4.57,17.1,158.57,1087.7,88.408,21.828,0.116
51.191,50.438,50,4.58,3.5482,161.96,1061.1,85.079,21.819,0.0101
51.206,50.5,50,4.47,4.2369,165.51,1141,81.597,21.828,0.1097
51.221,50.562,50,-1,4.1903,168.79,1189,78.378,21.819,0.1087
51.236,50.688,50,4.36,8.5008,173.33,1055.7,73.965,21.828,0.1191
51.254,50.938,50,4.3,13.564,177.45,933.1,70.091,21.81,0.0977
51.272,51,50,4.3,3.3887,180.73,965.09,66.87,21.792,0.0394
51.287,51.25,50,4.23,16.769,184.11,837.12,63.746,21.828,0.0695
51.303,51.438,50,4.22,11.646,188,1034.4,60.039,21.828,0.0943
51.321,51.438,50,4.22,0,191.1,1050.4,56.941,21.81,0.0395
51.336,51.312,50,4.25,-8.531,195.41,933.1,52.507,21.828,0.0944
51.354,50.938,50,15,-20.366,199.1,970.42,48.446,21.819,0.1059
51.371,50.75,50,4.37,-10.905,201.97,965.09,45.387,21.81,0.357
51.388,50.438,50,4.52,-18.981,206.14,1018.4,40.904,21.792,0.1164
51.404,50.25,50,4.52,-11.772,210.06,970.42,36.791,21.81,0.1138
51.421,50.25,50,4.58,0,212.83,885.11,34.028,21.828,0.1804
51.436,50.25,50,15,0,216.59,869.11,30.261,21.81,0.1074
51.454,50.312,50,4.71,3.3325,220.13,981.09,26.79,21.837,0.1064
51.473,50.375,50,4.81,3.4022,223.52,970.42,23.459,21.828,0.0927
51.49,50.375,50,4.82,0,227.7,1071.7,19.284,21.837,0.1111
51.505,50.25,50,4.85,-8.5048,231.27,959.76,15.588,21.81,0.1186
51.521,50.125,50,4.88,-7.8927,234.11,869.11,12.621,21.837,0.1601
51.535,50,50,4.88,-8.4684,237.81,991.75,8.7996,21.81,0.1247
51.554,50.062,50,4.9,3.3264,241.53,1055.7,5.1389,21.81,0.1329
51.573,50.125,50,4.9,3.3852,245.38,1098.4,1.3489,21.837,0.1254
51.587,50.25,50,4.9,8.493,249.24,1013.1,-2.3811,21.828,0.1038
51.605,50.5,50,4.9,14.465,252.8,783.8,-5.6931,21.828,0.0887
51.621,50.625,50,4.91,7.8773,255.22,783.8,-7.9924,21.846,0.0352
51.635,50.688,50,4.95,4.1998,258.7,869.11,-11.409,21.819,0.0995
51.654,50.438,50,4.95,-13.518,262.77,1093.1,-15.729,21.81,0.1227
51.671,50.188,50,4.98,-14.696,266.19,1189,-19.402,21.766,0.1319
51.685,49.688,50,5.99,-36.71,270.7,1151.7,-24.411,21.792,0.1342
51.704,49.188,50,5,-25.485,274.69,1002.4,-28.903,21.837,0.2475
51.723,49.062,50,5,-6.7988,278.43,1098.4,-32.761,21.837,0.2547
51.737,49,50,5,-4.2766,282.47,1045.1,-36.866,21.828,0.1804
51.753,49.188,50,4.99,11.8,286.95,986.42,-41.161,21.81,0.1099
51.771,49.438,50,-1,13.623,290.14,927.76,-44.099,21.81,0.0268
51.786,50.062,50,4.93,41.659,293.81,853.11,-47.146,21.784,0.0639
51.804,50.438,50,4.81,21.884,297.6,1018.4,-50.558,21.81,0.1007
51.821,50.5,50,4.81,3.6513,300.8,1173,-53.696,21.828,0.0008
51.837,50.375,50,4.73,-7.6576,305.61,1087.7,-58.626,21.81,0.1215
51.854,50,50,-1,-21.658,309.61,986.42,-63.005,21.801,0.1289
51.871,49.75,50,4.55,-14.609,312.82,1098.4,-66.47,21.784,0.4145
51.886,49.25,50,4.36,-33.854,317.65,1290.3,-71.799,21.784,0.155
51.905,49.188,50,4.36,-3.3812,322.07,1050.4,-76.278,21.837,0.1802
51.922,49.312,50,4.28,7.2979,325.32,917.1,-79.4,21.792,0.1588
51.938,49.938,50,-1,39.039,329,890.44,-82.454,21.792,0.0899
51.954,50.688,50,4.16,47.298,332.99,927.76,-85.694,21.801,0.103
51.972,51,50,4.12,16.776,336.95,1274.3,-89.348,21.828,0.0513
51.987,51.438,50,4.11,29.242,341.48,1258.3,-93.442,21.828,0.06
52.003,51.625,50,4.12,11.591,345.73,911.77,-97.5,21.828,0.0839
52.022,51.625,50,8.15,0,348.72,922.43,-100.49,21.837,0.0824
52.037,51.562,50,4.15,-4.1484,352.23,959.76,-104.07,21.828,0.1235
52.055,51.312,50,4.23,-13.465,355.83,965.09,-107.91,21.819,0.1102
52.071,51.125,50,4.22,-11.734,358.84,959.76,-111.11,21.801,0.2583
52.086,50.812,50,4.27,-21.349,2.6709,975.75,-115.25,21.81,0.1679
52.104,50.375,50,12.35,-24.65,6.3159,943.76,-119.34,21.819,0.1084
52.121,50.125,50,4.35,-14.496,9.1577,901.1,-122.43,21.801,0.3839
52.136,49.5,50,4.39,-42.74,13.066,965.09,-126.96,21.837,0.1263
52.154,48.938,50,4.39,-30.379,17.107,1135.7,-131.56,21.828,0.1427
52.173,48.75,50,4.4,-9.9939,20.689,1055.7,-135.33,21.775,0.2065
52.188,48.5,50,4.39,-16.986,24.949,1178.4,-139.84,21.792,0.1898
52.204,48.562,50,4.39,3.874,29.854,1167.7,-144.69,21.792,0.1396
52.221,48.812,50,4.39,14.49,33.298,954.42,-147.88,21.792,0.0847
52.236,49.5,50,4.39,47.039,37.087,810.45,-150.98,21.828,0.0976
52.254,50.312,50,4.38,43.873,40.376,826.45,-153.46,21.81,0.0891
52.271,50.625,50,4.42,18.141,43.45,1162.4,-156.22,21.81,-0.0035
52.287,50.938,50,4.42,19.631,48.379,1130.4,-160.84,21.801,0.0812
52.305,51.062,50,4.5,7.1016,53.059,1029.1,-165.39,21.819,0.0109
52.321,51.062,50,4.5,0,55.896,1039.7,-168.23,21.828,0.0735
52.336,51.062,50,4.53,0,59.761,906.43,-172.09,21.81,0.1049
52.354,51,50,10.59,-3.3404,63.547,997.08,-175.94,21.819,0.1095
52.372,51,50,4.59,0,66.707,1077.1,-179.1,21.837,0.1466
52.388,51.188,50,4.64,11.724,70.918,1018.4,176.87,21.792,0.1039
52.404,51.438,50,4.64,15.623,74.739,783.79,173.3,21.819,0.0824
52.422,51.5,50,4.64,3.328,77.517,821.12,170.59,21.837,0.0322
52.438,51.562,50,3.63,4.1526,80.864,954.42,167.3,21.819,0.0914
52.455,51.188,50,4.63,-21.761,84.736,1007.7,163.06,21.775,0.0876
52.472,50.938,50,4.59,-14.433,87.949,975.75,159.59,21.801,0.3074
52.488,50.375,50,4.59,-35.027,91.797,906.43,155.18,21.81,0.1139
52.505,49.875,50,4.57,-29.307,95.535,1146.4,150.95,21.792,0.1401
52.522,49.688,50,0.53,-10.865,98.577,965.08,147.72,21.801,0.4366
52.537,49.438,50,4.53,-16.8,102.35,805.12,143.69,21.792,0.1374
52.554,49.25,50,4.5,-10.961,105.83,922.43,140.02,21.801,0.1032
52.572,49.25,50,4.5,0,108.72,853.11,137.14,21.775,0.2036
52.586,49.062,50,4.48,-12.834,112.63,1029.1,133.04,21.837,0.1152
52.606,48.938,50,-0.57,-6.3169,116.83,1130.4,128.71,21.801,0.1578
52.622,48.938,50,4.43,0,120.62,1098.4,124.92,21.801,0.1796
52.637,48.875,50,4.35,-4.2619,125.14,1103.7,120.34,21.792,0.1236
52.654,49,50,4.35,7.2031,129.5,1151.7,116.11,21.81,0.1302
52.674,49.25,50,4.27,12.743,134.63,1237,111.23,21.81,0.1567
52.692,49.5,50,4.27,13.698,138.52,1162.4,107.58,21.81,0.013
52.708,50.188,50,4.23,43.355,142.34,1045.1,104.45,21.801,0.024
52.722,50.625,50,4.22,29.872,145.32,1050.4,101.91,21.828,0.0898
52.736,51.438,50,4.21,58.761,148.85,874.44,99.195,21.828,0.0872
52.755,51.938,50,4.22,27.163,152.98,1109.1,95.561,21.828,0.0501
52.772,52,50,7.25,3.6388,156.52,1178.4,92.084,21.81,-0.0055
52.786,51.938,50,4.24,-4.2908,160.83,874.44,87.712,21.837,0.088
52.805,51.625,50,4.27,-16.888,163.9,751.81,84.333,21.792,0.0868
52.823,51.312,50,4.27,-16.997,166.53,741.14,81.384,21.819,0.1207
52.838,50.688,50,4.29,-42.339,169.65,895.77,77.646,21.81,0.2195
52.854,50.188,50,8.33,-31.274,173.34,1066.4,73.452,21.792,0.121
52.873,50.125,50,4.32,-3.3445,176.67,847.78,70.062,21.748,0.0979
52.887,50.188,50,4.39,4.2541,180.17,778.46,66.624,21.837,0.1041
52.905,50.375,50,4.38,10.73,183.4,794.46,63.581,21.837,0.0868
52.922,50.438,50,4.41,3.6687,186.51,1007.7,60.531,21.819,0.0437
52.938,50.375,50,10.48,-3.9426,190.9,981.08,56.081,21.828,0.0982
52.955,50.25,50,4.48,-7.2382,194.85,938.43,52.006,21.819,0.1248
52.972,50.125,50,4.57,-7.2067,197.85,917.1,48.876,21.792,0.1889
52.987,49.812,50,4.58,-21.162,201.54,917.1,44.877,21.775,0.1516
53.004,49.625,50,4.62,-10.863,205.52,1119.7,40.712,21.837,0.1469
53.021,49.688,50,11.7,3.6498,208.63,1002.4,37.664,21.81,0.178
53.036,50,50,4.7,21.188,212.66,757.14,33.949,21.828,0.0885
53.056,50.5,50,4.7,25.49,215.65,623.84,31.458,21.828,0.0643
53.072,50.75,50,3.7,15.872,217.87,885.11,29.484,21.846,0.0021
53.087,51,50,4.7,16.652,221.92,981.08,25.683,21.819,0.0904
53.105,51.25,50,4.66,13.625,226.28,1135.7,21.578,21.828,0.026
53.122,51.312,50,-1,3.6461,229.66,1087.7,18.254,21.837,0.111
53.136,51.562,50,4.6,18.545,233.61,863.78,14.559,21.792,0.0883
53.155,51.812,50,4.56,12.725,236.67,799.79,11.75,21.837,0.0323
53.174,51.938,50,4.56,6.7923,239.3,730.48,9.238,21.819,0.0369
53.188,52.062,50,4.5,8.3909,241.89,853.12,6.7727,21.801,0.0701
53.204,51.938,50,4.5,-7.8396,245.16,799.79,3.386,21.828,0.0767
53.223,51.812,50,4.45,-6.7579,247.59,735.81,0.8269,21.819,0.1423
53.238,51.438,50,4.45,-25.419,250.27,650.5,-2.2288,21.81,0.0695
53.255,50.812,50,4.45,-35.718,252.88,687.82,-5.4636,21.81,0.1416
53.274,50.5,50,4.48,-16.889,255.58,757.14,-8.4788,21.81,0.1412
53.288,49.812,50,10.55,-46.431,258.64,767.8,-12.225,21.837,0.1483
53.304,49.375,50,4.55,-27.394,261.94,901.1,-15.959,21.792,0.1001
53.322,49.188,50,4.58,-10.802,264.53,709.15,-18.739,21.837,0.2781
53.336,48.938,50,4.58,-17.117,267.95,858.44,-22.407,21.81,0.1086
53.355,48.625,50,4.64,-16.763,271,917.1,-25.774,21.81,0.1126
53.372,48.562,50,4.64,-3.6249,273.86,847.78,-28.688,21.792,0.3086
53.388,48.438,50,4.66,-7.7284,277.85,1050.4,-32.812,21.81,0.134
53.404,48.625,50,4.66,11.755,281.77,997.08,-36.545,21.81,0.1317
53.423,48.812,50,4.64,10.129,284.89,858.44,-39.468,21.846,0.0384
53.438,49.062,50,4.63,17.105,288.1,885.1,-42.431,21.801,0.1276
53.455,49.438,50,-0.42,21.273,291.57,906.43,-45.525,21.792,0.1338
53.473,49.562,50,4.58,7.2149,294.73,1071.7,-48.562,21.81,0.008
53.489,49.875,50,4.55,19.409,299.03,1055.7,-52.546,21.837,0.1459
53.504,50.188,50,4.55,19.746,303.05,863.77,-56.262,21.81,0.1209
53.523,50.25,50,4.49,3.3327,306,874.44,-59.146,21.837,0.0931
53.538,50.312,50,4.49,4.2803,309.18,826.45,-62.26,21.828,0.1423
53.556,50.25,50,4.45,-3.3966,312.35,890.43,-65.494,21.792,0.1727
53.572,50.25,50,4.44,0,315.06,959.75,-68.209,21.775,0.223
53.588,50.125,50,4.44,-7.7871,319.05,1034.4,-72.323,21.801,0.1868
53.607,50.062,50,4.45,-3.3622,323,1082.4,-76.331,21.801,0.2201
53.623,50.125,50,4.45,3.816,326.49,997.08,-79.764,21.819,0.2241
53.639,50.25,50,4.47,7.8744,330.69,1082.4,-83.836,21.801,0.1925
53.655,50.625,50,4.49,23.273,334.77,1103.7,-87.536,21.81,0.1872
53.672,50.812,50,4.49,10.942,338.16,1045.1,-90.744,21.81,0.0251
53.687,51.188,50,4.52,25.032,342.53,1157,-94.735,21.837,0.1791
53.706,51.562,50,4.52,20.403,346.76,1050.4,-98.591,21.784,0.1656
53.723,51.75,50,4.56,10.562,350.5,1157,-102.15,21.837,0.0455
53.738,52.375,50,4.57,41.893,355.31,1237,-106.33,21.81,0.1968
53.757,53,50,4.57,34.096,359.97,1199.7,-110.37,21.784,0.1923
53.773,53.312,50,4.56,19.676,3.1738,1114.4,-113.26,21.837,0.034
53.786,53.812,50,4.56,37.012,7.1631,773.13,-116.75,21.837,0.1393
53.806,54.188,50,4.54,19.123,11.248,1002.4,-120.46,21.837,0.1618
53.823,54.25,50,4.54,3.544,14.815,1162.4,-123.96,21.81,0.0421
53.838,54.188,50,4.54,-4.24,19.119,1023.7,-128.33,21.81,0.1432
53.857,53.875,50,4.58,-16.896,23.015,991.75,-132.54,21.837,0.155
53.873,53.688,50,4.58,-11.668,25.82,975.75,-135.53,21.837,0.2763
53.889,53.438,50,4.65,-15.631,29.663,911.77,-139.62,21.792,0.1519
53.904,53.25,50,4.67,-11.855,33.672,1082.4,-143.82,21.801,0.1895
53.923,53.188,50,4.68,-3.376,36.99,1119.7,-147.2,21.757,0.2759
53.939,53,50,4.69,-11.695,41.255,970.42,-151.65,21.801,0.1592
53.955,52.688,50,4.69,-19.49,45.447,1061.1,-156.15,21.81,0.2012
53.972,52.562,50,4.65,-7.2249,48.584,1013.1,-159.42,21.775,0.2571
53.987,52.312,50,4.61,-16.8,52.827,991.75,-163.91,21.819,0.1843
54.006,52,50,4.61,-16.894,57.058,1071.7,-168.45,21.819,0.3282
54.023,51.875,50,4.51,-7.0848,60.547,1066.4,-172.07,21.792,0.4593
54.039,51.688,50,4.51,-11.62,64.924,986.42,-176.63,21.792,0.1948
54.056,51.625,50,4.41,-3.8823,69.026,981.08,179.2,21.837,0.1759
54.073,51.688,50,4.37,3.6672,72.285,1114.4,176.01,21.792,0.2072
54.088,51.625,50,4.37,-4.1523,76.943,1183.7,171.29,21.757,0.1723
54.105,51.688,50,4.3,3.6483,81.78,1178.4,166.51,21.801,0.1623
54.123,51.75,50,4.3,3.3744,85.637,1125,162.72,21.801,0.112
54.138,51.75,50,4.27,0,89.88,1029.1,158.47,21.828,0.1207
54.158,51.562,50,4.28,-9.4256,93.682,997.08,154.49,21.837,0.1337
54.173,51.438,50,4.28,-8.5922,96.919,1002.4,151.12,21.801,0.1484
54.186,51.125,50,4.32,-22.935,101.04,1034.4,146.69,21.775,0.1505
54.206,50.812,50,10.38,-15.927,104.71,965.09,142.71,21.784,0.1738
54.224,50.562,50,4.38,-13.651,108.17,1039.7,138.99,21.801,0.2251
54.239,50.125,50,4.41,-29.716,112.18,1119.7,134.55,21.775,0.2284
54.256,49.688,50,4.41,-25.265,116.77,1370.3,129.53,21.792,0.1904
54.273,49.562,50,4.48,-7.2812,120.69,1093.1,125.47,21.739,0.418
54.288,49.375,50,10.54,-12.79,125.43,1157,120.55,21.828,0.2388
54.305,49.188,50,4.54,-10.977,129.85,1135.7,115.94,21.819,0.182
54.322,49.25,50,4.57,3.6798,133.14,954.42,112.72,21.757,0.2098
54.337,49.25,50,4.57,0,137.56,954.42,108.3,21.828,0.1294
54.356,49.375,50,4.6,6.6376,141.89,1178.4,104.09,21.819,0.1518
54.374,49.375,50,6.62,0,146.27,1359.7,99.713,21.757,0.0996
54.389,49.5,50,4.62,8.5091,151.24,1279.7,94.865,21.819,0.1652
54.406,49.75,50,4.63,14.54,156,1103.7,90.351,21.81,0.1113
54.423,49.875,50,4.63,7.1771,159.67,1114.4,86.812,21.792,0.0316
54.438,50,50,4.63,8.5044,163.63,1087.7,82.979,21.81,0.1603
54.455,50,50,4.63,0,167.94,1098.4,78.665,21.792,0.1522
54.473,49.875,50,4.63,-7.3102,171.55,1194.4,74.932,21.837,0.1783
54.489,49.812,50,4.61,-3.9158,176.17,1146.4,70.245,21.801,0.1733
54.506,49.75,50,4.61,-3.6652,180.13,1082.4,66.228,21.801,0.1727
54.523,49.688,50,4.58,-3.6333,183.49,1130.4,62.806,21.757,0.2116
54.537,49.625,50,2.56,-4.2643,188.66,1301,57.57,21.801,0.1768
54.556,49.75,50,4.56,6.7976,193.7,1338.3,52.656,21.81,0.2122
54.573,49.875,50,4.55,7.2959,197.6,1205,48.882,21.81,0.1054
54.589,50.062,50,4.55,11.815,202.4,1050.4,44.267,21.81,0.1432
54.606,50.188,50,4.55,7.2414,206.33,890.44,40.467,21.846,0.1075
54.623,50.188,50,6.58,0,209.23,997.08,37.564,21.792,0.0945
54.638,50.062,50,4.58,-8.4796,213.18,1050.4,33.491,21.801,0.1461
54.655,49.812,50,4.6,-14.28,217.9,1194.4,28.517,21.757,0.1346
54.674,49.688,50,4.6,-6.8469,221.92,1306.3,24.371,21.775,0.2964
54.69,49.5,50,4.67,-11.798,226.64,1103.7,19.464,21.81,0.1563
54.706,49.5,50,4.72,0,230.63,917.1,15.475,21.792,0.1782
54.723,49.562,50,4.72,3.6299,233.55,922.43,12.62,21.801,0.1324
54.737,49.438,50,4.73,-8.5325,237.49,959.75,8.552,21.801,0.1308
54.756,49.375,50,2.71,-3.3966,241.59,1002.4,4.3928,21.792,0.1564
54.774,49.375,50,4.71,0,245.26,1082.4,0.7185,21.81,0.2012
54.79,49.375,50,4.67,0,249.28,1061.1,-3.3049,21.819,0.1524
54.808,49.312,50,4.67,-3.5975,253.47,1087.7,-7.5496,21.81,0.1372
54.824,49.312,50,4.62,0,257.2,1151.7,-11.287,21.81,0.1826
54.838,49.312,50,4.62,0,261.97,1237,-16.053,21.801,0.1627
54.856,49.438,50,4.58,7.2608,266.64,1189,-20.593,21.792,0.1726
54.874,49.562,50,-0.47,6.805,270.39,1071.7,-24.221,21.81,0.1269
54.889,49.75,50,4.53,12.749,274.58,1050.4,-28.225,21.837,0.1414
54.907,49.812,50,4.48,3.3949,278.75,991.75,-32.333,21.828,0.1405
54.924,49.875,50,4.48,3.6475,282.07,1039.7,-35.588,21.792,0.1163
54.939,50,50,4.47,8.4533,286.26,1093.1,-39.657,21.828,0.1285
54.956,49.938,50,4.46,-3.6318,290.73,1189,-44.183,21.801,0.1545
54.973,49.938,50,4.46,0,294.5,1295.7,-47.957,21.757,0.2137
54.988,49.812,50,4.45,-8.503,299.49,1199.7,-53.075,21.801,0.2136
55.006,49.75,50,2.42,-3.3763,304.05,1061.1,-57.693,21.81,0.1926
55.025,49.75,50,4.42,0,308.01,1146.4,-61.656,21.792,0.2637
55.04,49.812,50,4.38,4.2742,312.1,1082.4,-65.68,21.775,0.2169
55.055,50,50,4.38,11.814,316.03,1018.4,-69.421,21.801,0.1979
55.074,50.062,50,4.36,3.3807,319.51,1082.4,-72.842,21.81,0.0936
55.089,50.25,50,0.32,12.37,324.36,1402.3,-77.508,21.792,0.2195
55.106,50.562,50,4.31,18.262,329.96,1477,-82.791,21.784,0.2436
55.123,50.812,50,4.28,14.495,334.3,1381,-86.885,21.792,0.0526
55.141,51.562,50,4.28,43.28,339.51,1157,-91.344,21.792,0.1145
55.156,52.438,50,4.27,59.167,343.85,927.76,-94.803,21.828,0.1083
55.174,52.875,50,6.29,23.637,347.2,1173,-97.718,21.828,0.0213
55.189,53.562,50,4.29,46.21,351.66,1146.4,-101.49,21.801,0.1053
55.206,54.125,50,4.35,32.615,355.62,863.78,-104.9,21.828,0.0894
55.224,54.188,50,4.35,3.5964,358.38,810.46,-107.59,21.81,0.0035
55.239,54,50,4.38,-11.811,1.5234,837.12,-110.92,21.828,0.0918
55.255,53.312,50,9.43,-42.991,5.1294,1087.7,-115.21,21.854,0.1339
55.274,52.938,50,4.43,-20,8.5889,1098.4,-119.05,21.792,0.2282
55.289,52.062,50,4.46,-58.212,12.59,927.77,-123.92,21.81,0.1264
55.307,51.188,50,4.46,-50.13,16.06,826.46,-128.27,21.819,0.2913
55.324,50.75,50,4.46,-25.538,18.601,607.85,-131.25,21.766,0.0806
55.339,49.812,50,4.45,-62.32,21.863,863.78,-135.45,21.81,0.1232
55.357,49.062,50,4.45,-42.33,25.117,917.1,-139.45,21.801,0.1362
55.374,48.688,50,4.44,-21.9,27.871,767.8,-142.58,21.81,0.3435
55.388,47.875,50,4.44,-54.92,31.387,895.77,-146.91,21.819,0.134
55.406,47.125,50,4.43,-43.252,35.31,1093.1,-151.58,21.775,0.1694
55.424,46.812,50,4.43,-17.669,38.74,1013.1,-155.32,21.784,0.4358
55.438,46.438,50,4.43,-25.517,43.105,1045.1,-160.06,21.801,0.1731
55.458,46.25,50,4.45,-9.4477,47.031,981.08,-164.18,21.739,0.1995
55.474,46.25,50,4.45,0,50.513,1039.7,-167.66,21.766,0.2325
55.489,46.312,50,4.47,4.1073,55.095,1231.7,-172.18,21.792,0.1821
55.507,46.812,50,6.49,29.156,59.81,1130.4,-176.39,21.81,0.1553
55.524,47.125,50,4.49,17.98,63.423,1002.4,-179.69,21.837,0.1642
55.539,47.75,50,4.48,42.532,67.551,1199.7,176.8,21.792,0.1446
55.557,48.375,50,4.48,33.623,71.921,1189,173.06,21.819,0.0538
55.573,48.625,50,4.47,15.788,75.793,1370.3,169.44,21.819,0.0072
55.588,49.25,50,2.45,42.346,81.082,1178.4,164.77,21.819,0.1533
55.606,49.875,50,4.45,33.779,85.649,1162.4,160.83,21.81,0.1434
55.624,50.125,50,4.4,14.296,88.967,1077.1,157.76,21.81,0.0865
55.639,50.562,50,4.4,29.519,93.064,1018.4,154.1,21.801,0.1428
55.656,50.938,50,4.38,21.665,97.036,906.44,150.51,21.81,0.1249
55.676,51,50,3.37,3.1711,101.19,725.15,146.42,21.792,0.1041
55.696,50.875,50,4.36,-6.2489,104.98,842.45,142.5,21.81,0.1133
55.714,50.75,50,4.41,-6.7921,107.85,906.44,139.51,21.792,0.1894
55.729,50.312,50,4.4,-29.389,111.17,959.76,135.74,21.819,0.2079
55.744,50.062,50,4.45,-16.951,114.4,991.75,132.27,21.801,0.3436
55.758,49.688,50,4.45,-25.334,117.91,911.77,128.38,21.837,0.1925
55.776,49.312,50,4.53,-21.874,122.35,1189,123.57,21.792,0.1797
55.794,49.188,50,4.62,-6.6881,125.66,975.75,120.13,21.766,0.2516
55.809,49,50,4.62,-12.828,129.22,959.76,116.38,21.801,0.2205
55.825,48.938,50,4.64,-3.8628,132.82,911.77,112.72,21.801,0.2301
55.84,48.938,50,5.66,0,136.56,922.43,108.99,21.784,0.1403
55.857,48.938,50,4.66,0,140.45,1007.7,105.09,21.837,0.1627
55.874,49,50,4.63,3.6531,143.75,975.75,101.85,21.837,0.1441
55.89,49.125,50,4.63,8.2136,148.08,1007.7,97.646,21.792,0.1517
55.907,49.25,50,4.59,7.2809,152.13,1162.4,93.726,21.801,0.1944
55.925,49.312,50,-1,3.4001,155.92,1055.7,89.999,21.828,0.1055
55.94,49.312,50,4.49,0,160.28,1061.1,85.636,21.792,0.1701
55.957,49.375,50,4.42,3.6024,164.92,1290.3,81.063,21.792,0.2143
55.974,49.562,50,4.42,10.95,169.02,1354.3,77.146,21.81,0.2236
55.988,49.938,50,4.41,27.395,174.16,1173,72.387,21.801,0.2097
56.008,50.5,50,4.41,28.761,178.58,949.09,68.521,21.81,0.1611
56.024,50.812,50,4.43,19.486,181.61,975.75,65.808,21.819,0.0669
56.039,51.438,50,4.49,41.922,185.88,1093.1,62.163,21.801,0.1702
56.057,52,50,4.49,29.916,190.4,1157,58.202,21.801,0.1784
56.075,52.188,50,4.53,10.872,194.71,1290.3,54.08,21.792,0.0432
56.09,52.438,50,4.53,16.725,199.87,1386.3,49.169,21.81,0.1749
56.108,52.75,50,4.62,17.052,204.82,1322.3,44.535,21.792,0.1845
56.124,53,50,4.63,15.588,208.84,1359.7,40.767,21.828,0.0893
56.139,53.562,50,4.64,38.379,213.73,1050.4,36.439,21.792,0.1667
56.157,54.062,50,4.62,26.742,217.7,906.44,32.965,21.828,0.1096
56.174,54.25,50,-1,10.953,220.61,986.42,30.249,21.819,0.0971
56.189,54.5,50,4.51,16.738,224.51,1050.4,26.593,21.792,0.1546
56.206,54.562,50,-1,3.6969,228.83,975.75,22.334,21.819,0.1285
56.226,54.438,50,4.38,-6.3136,233.74,1013.1,17.304,21.837,0.1461
56.244,54.25,50,4.33,-10.161,236.99,1029.1,13.863,21.784,0.1887
56.259,53.812,50,-1,-30.134,240.41,906.44,10.002,21.837,0.2211
56.275,53.688,50,4.25,-7.8205,243.7,981.09,6.5911,21.757,0.3513
56.29,53.438,50,1.21,-17.091,247.84,1013.1,2.2004,21.81,0.1535
56.307,53.25,50,4.21,-10.944,251.78,1018.4,-1.9299,21.81,0.1609
56.325,53.188,50,4.2,-3.4261,255.08,981.08,-5.2859,21.801,0.2055
56.34,53,50,5.21,-12.625,258.73,997.08,-9.1233,21.801,0.1694
56.357,52.75,50,4.2,-14.584,262.92,1109.1,-13.565,21.81,0.1799
56.374,52.625,50,4.24,-7.242,266.34,1130.4,-17.111,21.757,0.3107
56.389,52.25,50,4.24,-25.209,271.16,1146.4,-22.302,21.801,0.1854
56.406,51.875,50,4.27,-21.756,275.46,1098.4,-26.979,21.801,0.1769
56.425,51.688,50,9.32,-10.271,278.99,1039.7,-30.695,21.757,0.1593
56.441,51.438,50,4.32,-15.479,283.17,1061.1,-35.132,21.784,0.2091
56.457,51.375,50,4.39,-3.9432,287.66,1279.7,-39.676,21.801,0.195
56.475,51.375,50,4.39,0,291.94,1205,-43.956,21.792,0.2235
56.49,51.438,50,4.43,4.2337,296.82,1279.7,-48.777,21.792,0.2095
56.507,51.562,50,14.54,7.2493,301.67,1295.7,-53.503,21.775,0.1919
56.524,51.625,50,4.54,3.6239,305.59,1173,-57.364,21.81,0.1323
56.539,51.75,50,4.64,8.407,310.28,1114.4,-61.924,21.819,0.1815
56.558,51.688,50,4.64,-3.3753,314.52,949.09,-66.229,21.81,0.144
56.575,51.688,50,4.67,0,317.71,949.09,-69.42,21.792,0.19
56.59,51.375,50,8.72,-21.144,321.45,1061.1,-73.473,21.757,0.1806
56.608,51,50,4.72,-21.475,326.21,1274.3,-78.606,21.775,0.1929
56.625,50.812,50,4.72,-10.944,330.51,1418.3,-83.091,21.721,0.3983
56.639,50.688,50,4.72,-8.5363,335.95,1359.7,-88.655,21.801,0.1981
56.658,50.875,50,4.68,10.254,340.93,1189,-93.45,21.784,0.1883
56.675,51,50,-1,7.0622,344.73,1098.4,-97.122,21.801,0.0717
56.69,51.375,50,4.57,25.194,349.28,1087.7,-101.3,21.81,0.1585
56.708,51.875,50,4.43,28.819,353.79,1077.1,-105.31,21.801,0.1601
56.725,52.062,50,4.43,10.945,357.14,1109.1,-108.48,21.801,0.0382
56.74,52.188,50,4.37,8.2536,1.4844,1114.4,-112.69,21.819,0.1755
56.759,52.062,50,4.37,-6.6875,6.167,1247.7,-117.5,21.801,0.1712
56.774,52,50,4.32,-3.929,10.193,1370.3,-121.59,21.784,0.2222
56.789,51.812,50,4.29,-12.776,15.598,1338.3,-127.18,21.81,0.1859
56.808,51.812,50,4.29,0,20.171,1162.4,-131.75,21.801,0.301
56.824,51.875,50,4.29,3.9417,23.65,1071.7,-135.17,21.828,0.1504
56.839,52.062,50,4.28,12.633,28.56,1141,-139.89,21.819,0.1628
56.857,52.438,50,4.29,20.36,32.8,1023.7,-143.76,21.819,0.1414
56.876,52.562,50,4.29,6.7503,36.118,927.76,-146.95,21.792,0.0248
56.89,52.562,50,4.29,0,39.639,927.76,-150.47,21.819,0.0679
56.907,52.375,50,1.25,-11.555,43.506,1093.1,-154.53,21.792,0.1777
56.925,52.188,50,4.25,-10.206,46.965,1151.7,-158.17,21.757,0.3036
56.94,51.625,50,4.2,-37.483,51.648,1045.1,-163.42,21.81,0.2147
56.957,51.062,50,4.2,-32.862,55.847,1093.1,-168.18,21.784,0.1914
56.974,50.875,50,4.19,-10.872,59.053,1045.1,-171.57,21.775,0.2135
56.99,50.75,50,4.18,-7.7351,63.699,997.08,-176.34,21.801,0.1587
57.007,51.062,50,4.17,18.973,68.086,1061.1,179.58,21.81,0.1786
57.024,51.188,50,4.23,7.1938,71.191,1013.1,176.6,21.819,0.089
57.039,51.375,50,4.22,12.703,75.532,1029.1,172.45,21.828,0.1476
57.058,51.375,50,4.26,0,79.883,1119.7,168.1,21.828,0.1595
57.075,51.312,50,4.36,-3.5961,83.66,1130.4,164.26,21.792,0.1609
57.091,51.25,50,4.36,-3.8741,88.306,1183.7,159.55,21.81,0.2113
57.107,51.062,50,4.44,-11.766,92.654,1130.4,155.01,21.819,0.1672
57.126,51,50,4.44,-3.3458,96.296,1093.1,151.31,21.784,0.2694
57.14,51.062,50,4.47,4.2404,100.18,943.76,147.49,21.792,0.1251
57.158,51.062,50,4.52,0,103.72,853.11,143.95,21.837,0.0764
57.175,51.062,50,4.52,0,106.6,863.78,141.07,21.81,0.0985
57.191,50.938,50,4.55,-7.6604,110.34,1018.4,137.2,21.828,0.1177
57.207,50.625,50,4.56,-19.561,114.66,1114.4,132.57,21.81,0.1448
57.225,50.5,50,4.56,-7.2522,118.36,1183.7,128.74,21.784,0.2913
57.239,50.188,50,4.59,-21.13,122.73,1045.1,124.06,21.801,0.1205
57.257,49.875,50,4.62,-18.021,126.5,938.43,119.98,21.792,0.118
57.275,49.75,50,4.62,-6.8035,129.39,842.45,116.97,21.801,0.2512
57.291,49.375,50,4.62,-23.402,132.62,735.81,113.36,21.792,0.1021
57.307,49,50,4.64,-23.477,135.75,943.76,109.86,21.81,0.1326
57.325,48.75,50,4.64,-14.38,138.62,901.1,106.74,21.792,0.3978
57.339,48.125,50,4.62,-42.225,142.86,1173,101.87,21.837,0.1485
57.358,47.625,50,4.62,-26.904,147.02,1039.7,97.213,21.792,0.1788
57.375,47.438,50,4.58,-11.032,150.36,949.09,93.683,21.739,0.1386
57.389,47.188,50,4.54,-17.591,154.38,1007.7,89.41,21.837,0.1419
57.409,47.188,50,4.43,0,158.24,1013.1,85.552,21.801,0.2213
57.427,47.25,50,-1,3.5959,161.98,1018.4,81.87,21.819,0.1436
57.441,47.5,50,4.35,17.269,166.24,1098.4,77.869,21.792,0.1285
57.457,47.75,50,4.21,15.364,170.41,1034.4,73.94,21.792,0.185
57.475,47.938,50,-1,10.873,173.43,933.09,71.115,21.792,0.0483
57.489,48.188,50,4.11,17.102,177.66,949.09,67.136,21.801,0.1603
57.509,48.562,50,4.1,18.851,182.04,1199.7,63.124,21.766,0.1756
57.525,48.875,50,4.09,19.365,185.98,1306.3,59.496,21.81,0.0553
57.54,49.562,50,4.1,47.134,190.83,1205,55.342,21.828,0.1552
57.557,50.312,50,9.15,43.147,195.36,986.41,51.553,21.81,0.1477
57.575,50.625,50,4.14,17.853,198.73,1221,48.504,21.792,0.1086
57.589,51.312,50,4.19,49.679,203.49,1242.4,44.426,21.766,0.1831
57.607,52.062,50,4.19,40.508,208.42,1146.4,40.249,21.81,0.1459
57.627,52.875,50,4.29,40.821,213.14,735.81,36.335,21.792,0.1179
57.645,53.25,50,4.29,20.253,216.12,879.77,33.739,21.81,0.0177
57.661,53.75,50,4.38,33.088,218.99,1018.4,31.361,21.81,0.0563
57.675,53.938,50,4.39,12.837,222.01,1066.4,28.535,21.81,0.0422
57.69,54.25,50,4.39,21.352,226,1119.7,24.856,21.81,0.1376
57.707,54.188,50,4.38,-3.6268,229.94,922.43,20.853,21.801,0.1087
57.727,53.875,50,1.34,-15.687,233.99,826.45,16.486,21.801,0.1221
57.746,53.625,50,4.34,-13.48,236.53,821.12,13.697,21.775,0.1927
57.759,53.125,50,4.33,-36.493,239.55,821.12,10.181,21.801,0.2145
57.775,52.938,50,4.33,-11.755,242.42,933.09,7.1204,21.775,0.3643
57.79,52.562,50,4.34,-25.247,246.31,879.77,2.8562,21.792,0.1264
57.807,52.188,50,4.36,-21.861,249.69,911.77,-0.9026,21.801,0.132
57.827,51.812,50,4.36,-18.966,253.08,874.44,-4.6614,21.828,0.1447
57.845,51.625,50,4.38,-10.123,255.78,895.77,-7.5491,21.766,0.2593
57.86,51.125,50,4.43,-33.703,258.9,927.76,-11.169,21.792,0.2843
57.875,50.812,50,4.43,-21.37,262.35,1029.1,-14.934,21.775,0.1434
57.889,50.312,50,4.47,-36.31,267.01,1146.4,-20.095,21.819,0.1728
57.907,49.875,50,3.46,-23.513,271.18,1125,-24.697,21.792,0.1822
57.928,49.75,50,4.46,-5.9628,275.78,1178.4,-29.427,21.837,0.1968
57.945,49.812,50,4.4,3.6404,279.31,1098.4,-32.897,21.801,0.2162
57.96,49.938,50,4.4,8.317,282.98,1119.7,-36.434,21.81,0.1182
57.975,50.125,50,4.32,12.643,286.63,1061.1,-39.901,21.819,0.1181
57.99,50.438,50,4.27,21.333,291.12,1066.4,-44.078,21.792,0.1431
58.007,50.75,50,4.27,18,295.23,1077.1,-47.88,21.81,0.1538
58.026,50.875,50,4.23,6.6752,298.83,1077.1,-51.346,21.801,0.0616
58.042,50.938,50,0.18,3.9314,303.1,1135.7,-55.553,21.81,0.154
58.058,50.812,50,4.18,-7.7227,307.27,1087.7,-59.856,21.801,0.1524
58.075,50.688,50,4.16,-7.3297,310.48,970.42,-63.184,21.819,0.1669
58.09,50.375,50,4.16,-21.276,314.09,901.1,-67.11,21.81,0.1545
58.109,50.062,50,4.11,-16.764,317.55,1039.7,-70.886,21.775,0.169
58.126,49.875,50,0.07,-10.798,321.04,1130.4,-74.565,21.757,0.3678
58.14,49.562,50,4.06,-21.526,325.93,1274.3,-79.765,21.837,0.1806
58.159,49.562,50,4.04,0,331.03,1269,-84.863,21.775,0.253
58.175,49.625,50,4.03,3.9287,334.46,1023.7,-88.233,21.801,0.1594
58.189,49.875,50,4.01,17.197,338.73,922.43,-92.246,21.801,0.1661
58.208,50.188,50,6.02,16.937,342.59,1034.4,-95.793,21.801,0.1679
58.225,50.375,50,4.02,10.938,345.96,1226.4,-98.98,21.828,0.0398
58.24,50.812,50,4.03,29.247,351.09,1141,-103.67,21.792,0.152
58.258,51.312,50,4.03,27.073,355.43,970.42,-107.52,21.81,0.0791
58.277,51.562,50,4.09,13.544,358.91,949.09,-110.74,21.828,0.0978
58.292,51.875,50,14.19,21.176,2.6147,1167.7,-114.14,21.792,0.1285
58.307,52,50,4.19,7.9474,6.8945,970.42,-118.29,21.837,0.1112
58.326,52.062,50,4.24,3.3759,10.659,1167.7,-121.99,21.801,0.1418
58.341,52.062,50,4.24,0,14.795,1135.7,-126.13,21.792,0.1556
58.358,51.812,50,4.36,-14.477,18.723,975.75,-130.31,21.792,0.1348
58.375,51.625,50,11.43,-11.042,21.514,922.43,-133.28,21.792,0.2659
58.391,51.312,50,4.43,-19.664,25.403,1050.4,-137.49,21.81,0.1627
58.408,51,50,4.47,-18.121,29.023,986.41,-141.42,21.837,0.2558
58.425,50.812,50,4.51,-10.952,32.041,970.42,-144.62,21.81,0.3868
58.44,50.438,50,4.52,-25.37,36.367,1167.7,-149.32,21.837,0.165
58.458,50.062,50,4.57,-20.238,40.747,1066.4,-154.08,21.801,0.2251
58.476,49.938,50,5.59,-7.2459,44.062,970.42,-157.52,21.801,0.4506
58.492,49.625,50,4.59,-19.432,48.059,991.74,-161.83,21.801,0.1788
58.508,49.438,50,4.62,-11.645,52.244,1055.7,-166.2,21.837,0.1669
58.525,49.438,50,4.62,0,55.681,1130.4,-169.64,21.801,0.2938
58.54,49.438,50,4.59,0,60.581,1189,-174.54,21.792,0.1962
58.558,49.688,50,1.56,13.59,64.915,1093.1,-178.62,21.801,0.1692
58.576,49.75,50,4.57,3.6084,68.367,1071.7,177.99,21.801,0.0349
58.59,50,50,4.53,16.744,72.905,1141,173.7,21.81,0.1555
58.609,50.188,50,4.53,10.092,77.627,1199.7,169.17,21.792,0.1793
58.626,50.312,50,4.47,7.3955,81.445,1167.7,165.47,21.81,0.1692
58.641,50.562,50,2.45,16.983,86.267,1109,160.9,21.801,0.1407
58.658,50.625,50,4.45,3.6718,90.544,1103.7,156.69,21.792,0.1252
58.676,50.625,50,4.4,0,93.989,1173,153.24,21.801,0.1626
58.691,50.625,50,4.4,0,98.435,1119.7,148.79,21.792,0.1618
58.71,50.688,50,4.34,3.299,102.56,1029.1,144.73,21.792,0.1609
58.725,50.688,50,3.33,0,105.58,1061.1,141.72,21.828,0.1429
58.739,50.562,50,4.33,-9.2532,109.79,1098.4,137.38,21.792,0.1576
58.758,50.438,50,4.32,-6.3959,114.2,1173,132.84,21.828,0.1928
58.776,50.438,50,4.32,0,118.07,1274.3,128.97,21.757,0.1736
58.79,50.438,50,4.33,0,123.02,1237,124.02,21.775,0.1747
58.809,50.5,50,4.33,3.3946,127.62,1103.7,119.49,21.784,0.1546
58.827,50.562,50,4.33,3.4098,131.51,1034.4,115.66,21.801,0.118
58.842,50.625,50,4.35,4.3148,135.24,986.41,111.99,21.828,0.141
58.859,50.625,50,4.35,0,139.09,1071.7,108.14,21.819,0.1575
58.876,50.562,50,4.36,-3.6598,142.68,1226.4,104.49,21.792,0.1675
58.982,50.75,50,3.35,1.7618,170.26,1285,77.091,21.784,0.1662
58.998,50.812,50,4.35,3.9483,175.48,1018.4,71.941,21.792,0.146
59.016,50.812,50,4.33,0,178.6,911.76,68.821,21.801,0.1099
59.031,50.812,50,4.32,0,181.9,1018.4,65.515,21.81,0.143
59.045,50.75,50,4.26,-4.3041,185.22,1210.4,62.133,21.819,0.1738
59.06,50.625,50,1.23,-8.5544,189.63,1210.4,57.601,21.784,0.188
59.076,50.562,50,4.22,-3.9068,193.63,1258.3,53.537,21.757,0.2836
59.091,50.5,50,4.16,-4.2004,198.5,1162.4,48.606,21.81,0.165
59.109,50.312,50,4.15,-10.254,202.87,1130.4,44.046,21.81,0.157
59.126,50.25,50,4.09,-3.6332,206.12,954.42,40.734,21.792,0.2592
59.141,50.062,50,4.05,-12.915,210.15,1018.4,36.513,21.792,0.1753
59.158,49.875,50,4.05,-10.86,214.18,1242.4,32.3,21.81,0.1792
59.176,49.812,50,3.93,-3.4303,218.18,1178.4,28.236,21.784,0.294
59.191,49.812,50,3.93,0,223.44,1269,22.975,21.757,0.198
59.21,50.062,50,3.81,13.68,228.2,1183.7,18.464,21.801,0.1887
59.226,50.25,50,3.75,11.638,231.55,1018.4,15.302,21.81,0.074
59.24,50.625,50,3.74,25.861,235.63,965.08,11.597,21.81,0.1369
59.259,50.875,50,3.65,13.409,239.58,986.41,7.9045,21.819,0.1359
59.276,50.938,50,3.64,3.6815,242.75,1135.7,4.7908,21.81,0.07
59.29,51,50,3.57,4.2742,247.22,1018.4,0.3855,21.792,0.1542
59.309,50.938,50,3.55,-3.415,251.39,1050.4,-3.8518,21.792,0.142
59.327,50.875,50,3.53,-3.3632,255.15,1157,-7.6741,21.819,0.1969
59.342,50.812,50,3.53,-4.2408,259.5,1221,-12.087,21.819,0.1748
59.359,50.875,50,3.52,3.664,264.18,1119.7,-16.698,21.792,0.1704
59.376,50.938,50,3.57,3.6337,267.76,1125,-20.217,21.819,0.1148
59.39,51.125,50,3.59,13.757,272.04,986.41,-24.306,21.801,0.1527
59.408,51.25,50,3.58,6.7429,276,965.08,-28.144,21.837,0.138
59.426,51.25,50,3.61,0,279.06,981.08,-31.203,21.828,0.0666
59.441,51.375,50,3.61,7.9279,283.31,1055.7,-35.328,21.792,0.1483
59.458,51.375,50,3.63,0,287.29,1029.1,-39.313,21.801,0.1505
59.476,51.312,50,3.63,-3.6608,290.63,1130.4,-42.718,21.837,0.1472
59.49,51.188,50,3.62,-8.4639,295.41,1162.4,-47.62,21.819,0.1395
59.509,51,50,3.65,-10.252,299.8,1157,-52.2,21.801,0.1646
59.526,50.938,50,3.64,-3.6078,303.21,1023.7,-55.668,21.792,0.2779
59.542,50.875,50,3.69,-3.9654,307.33,1007.7,-59.854,21.801,0.1508
59.56,50.75,50,3.7,-6.7904,311.09,975.75,-63.737,21.81,0.164
59.576,50.688,50,3.69,-3.9503,313.9,831.78,-66.609,21.801,0.2089
59.591,50.625,50,3.73,-4.2694,317.92,997.07,-70.685,21.801,0.1507
59.609,50.5,50,3.78,-6.841,322.03,1205,-74.924,21.828,0.1727
59.626,50.5,50,3.79,0,325.96,1205,-78.857,21.828,0.236
59.642,50.5,50,3.79,0,331.1,1215.7,-83.994,21.81,0.1806
59.659,50.75,50,3.81,14.697,335.34,1082.4,-87.987,21.81,0.1499
59.676,50.875,50,3.81,7.3612,338.33,922.43,-90.853,21.792,0.0099
59.691,51.125,50,3.82,16.654,342.35,986.41,-94.617,21.828,0.1392
59.709,51.312,50,3.8,10.32,346.47,1050.4,-98.552,21.801,0.1333
59.726,51.375,50,4.81,3.6605,349.51,959.75,-101.53,21.81,0.1152
59.742,51.312,50,3.8,-3.967,352.98,789.13,-105.06,21.828,0.1111
59.759,51,50,3.79,-18.244,356.23,901.1,-108.63,21.81,0.1376
59.776,50.812,50,3.77,-11.04,359.3,1109,-111.88,21.757,0.1416
59.791,50.438,50,3.76,-25.133,4.1626,1173,-117.12,21.792,0.1618
59.809,50.25,50,3.76,-10.284,8.5937,1130.4,-121.74,21.81,0.193
59.826,50.25,50,6.79,0,11.814,906.43,-124.96,21.784,0.1585
59.842,50.25,50,3.78,0,15.674,922.43,-128.82,21.792,0.1357
59.859,50.25,50,3.8,0,19.451,1013.1,-132.6,21.81,0.1439
59.876,50.312,50,3.8,3.6354,22.742,1039.7,-135.82,21.828,0.1464
59.891,50.375,50,3.85,4.2134,26.821,895.77,-139.84,21.837,0.1273
59.908,50.438,50,3.9,3.6307,30.447,847.78,-143.4,21.792,0.1274
59.927,50.375,50,3.9,-3.4223,33.386,986.41,-146.41,21.792,0.1097
59.943,50.25,50,3.94,-7.848,37.541,1135.7,-150.69,21.801,0.1564
59.959,50.25,50,11.01,0,41.902,1045.1,-155.05,21.775,0.1523
59.977,50.25,50,4.01,0,45.271,1045.1,-158.42,21.81,0.1528
59.992,50.25,50,4.08,0,49.145,949.09,-162.29,21.792,0.1415
60.009,50.188,50,4.11,-3.6663,52.756,933.09,-165.96,21.792,0.1279
60.027,50.188,50,4.11,0,56.02,1018.4,-169.23,21.792,0.174
60.043,50.25,50,4.14,3.9299,60.115,1061.1,-173.26,21.81,0.1398
60.059,50.25,50,4.18,0,63.997,933.09,-177.14,21.828,0.1241
60.076,50.312,50,3.17,3.6947,66.77,879.77,-179.85,21.784,0.125
60.09,50.188,50,4.17,-8.6096,70.51,911.76,176.28,21.837,0.1353
60.109,50.062,50,4.17,-6.8111,74.434,1050.4,172.23,21.81,0.1452
60.127,50,50,4.17,-3.3604,78.132,1114.4,168.47,21.819,0.2123
60.145,50,50,4.15,0,82.246,1103.7,164.36,21.801,0.209
60.16,49.938,50,4.16,-4.3082,86.377,874.44,160.17,21.792,0.1277
60.177,49.938,50,4.16,0,89.363,943.76,157.18,21.792,0.1793
60.191,49.875,50,4.14,-4.2747,93.311,938.42,153.17,21.819,0.1422
60.209,49.875,50,4.1,0,97.236,1018.4,149.24,21.837,0.1558
60.226,49.875,50,2.08,0,100.35,1007.7,146.13,21.801,0.1454
60.241,49.875,50,4.08,0,104.47,954.42,142.01,21.837,0.1457
60.261,49.875,50,4.06,0,108.48,1082.4,138,21.837,0.1601
60.276,49.812,50,4.06,-3.9444,111.64,1039.7,134.78,21.819,0.1402
60.291,49.875,50,4.06,4.3097,116.13,1093.1,130.35,21.792,0.1634
60.309,49.812,50,4.08,-3.4177,120.3,1093.1,126.12,21.828,0.1469
60.326,49.75,50,4.08,-3.6851,123.56,1093.1,122.8,21.801,0.1945
60.341,49.688,50,4.09,-4.1991,127.99,1066.4,118.31,21.792,0.1538
60.361,49.688,50,4.09,0,132.1,933.09,114.19,21.828,0.1447
60.377,49.688,50,4.1,0,135.05,1023.7,111.24,21.775,0.1643
60.391,49.625,50,5.11,-4.3107,139.22,1071.7,107.01,21.775,0.139
60.409,49.562,50,4.11,-3.3995,143.41,1071.7,102.76,21.792,0.1632
60.426,49.5,50,4.12,-3.6782,146.89,1141,99.215,21.792,0.2109
60.441,49.375,50,4.12,-8.5443,151.38,1013.1,94.6,21.81,0.1532
60.461,49.188,50,4.1,-9.559,155.51,1082.4,90.284,21.792,0.154
60.476,49.125,50,2.08,-3.9689,158.66,1082.4,87.068,21.792,0.3115
60.492,48.938,50,4.08,-11.698,163.26,1162.4,82.285,21.766,0.184
60.509,49.062,50,4.05,7.3547,167.73,1199.7,77.933,21.801,0.2159
60.527,49.188,50,4.05,7.3004,171.33,1093.1,74.467,21.775,0.1349
60.54,49.438,50,4.03,18.355,175.83,1018.4,70.215,21.81,0.152
60.56,49.688,50,4.03,12.826,179.93,1071.7,66.358,21.792,0.1211
60.578,49.812,50,4.03,6.7863,183.94,1141,62.474,21.81,0.0903
60.593,50.125,50,4.05,21.604,188.36,1189,58.373,21.81,0.1646
60.61,50.25,50,4.05,7.3526,192.87,1178.4,53.981,21.792,0.1135
60.627,50.312,50,4.09,3.6807,196.27,1157,50.643,21.792,0.1627
60.641,50.312,50,6.11,0,200.72,1018.4,46.195,21.792,0.1402
60.659,50.375,50,4.11,3.4003,204.72,1029.1,42.263,21.792,0.1455
60.676,50.438,50,4.15,3.6805,207.81,1103.7,39.23,21.819,0.1232
60.692,50.438,50,4.15,0,212.3,1055.7,34.745,21.801,0.1444
60.71,50.438,50,4.15,0,216.59,1146.4,30.453,21.801,0.1541
60.727,50.438,50,3.14,0,220.1,1146.4,26.937,21.819,0.1571
60.741,50.5,50,4.14,4.3081,224.7,1055.7,22.403,21.792,0.1562
60.759,50.5,50,4.16,0,228.69,1007.7,18.416,21.784,0.1389
60.776,50.5,50,4.17,0,231.65,959.75,15.454,21.792,0.141
60.792,50.438,50,4.18,-3.9039,235.65,965.08,11.39,21.792,0.1325
60.809,50.5,50,4.18,3.6746,239.72,1066.4,7.3831,21.801,0.156
60.827,50.562,50,4.18,3.6554,243.03,1183.7,4.1399,21.81,0.1363
60.841,50.688,50,4.18,8.6035,247.65,1071.7,-0.3567,21.801,0.1609
60.859,50.812,50,4.18,6.853,251.75,981.08,-4.3308,21.81,0.1266
60.876,50.875,50,4.2,3.6529,254.77,1109,-7.2859,21.801,0.1363
60.891,50.938,50,4.2,4.2022,259.43,1093.1,-11.884,21.801,0.1311
60.911,51,50,4.2,3.2015,263.79,1071.7,-16.182,21.837,0.1378
60.927,51,50,4.2,0,267.23,1141,-19.629,21.792,0.127
60.941,50.938,50,4.2,-4.3083,271.73,1087.7,-24.186,21.81,0.1528
60.96,50.812,50,4.18,-6.7545,275.71,922.43,-28.291,21.792,0.125
60.977,50.75,50,2.16,-3.6261,278.54,954.42,-31.19,21.801,0.2048
60.991,50.625,50,4.16,-8.5436,282.35,1061.1,-35.119,21.784,0.1537
61.011,50.375,50,4.13,-12.725,286.78,1167.7,-39.798,21.784,0.1433
61.027,50.25,50,4.13,-7.7671,290.59,1274.3,-43.734,21.775,0.3278
61.042,50.125,50,4.12,-8.6172,295.63,1253,-48.9,21.828,0.1829
61.06,50.188,50,4.11,3.3787,299.89,1082.4,-53.1,21.784,0.1775
61.077,50.188,50,4.11,0,303.13,954.42,-56.34,21.81,0.1
61.092,50.25,50,4.09,4.2057,307.07,970.42,-60.211,21.81,0.1328
61.111,50.25,50,5.1,0,311.05,954.42,-64.193,21.784,0.1365
61.128,50.188,50,4.1,-3.6536,314.05,917.1,-67.256,21.792,0.1379
61.142,50.125,50,4.1,-4.3116,317.9,1002.4,-71.166,21.81,0.1677
61.16,49.875,50,4.1,-14.37,322.15,1194.4,-75.666,21.784,0.1646
61.177,49.812,50,4.13,-3.6534,325.91,1199.7,-79.493,21.766,0.298
61.191,49.875,50,4.14,4.2342,331.29,1242.4,-84.812,21.784,0.1805
61.21,50.125,50,4.14,13.689,335.75,1119.7,-89.022,21.775,0.1567
61.228,50.312,50,4.14,10.048,339.34,1002.4,-92.419,21.801,0.024
61.243,50.75,50,4.13,30.259,343.18,1029.1,-95.822,21.801,0.1152
61.26,51.062,50,1.1,18.124,347.22,1034.4,-99.552,21.81,0.0568
61.277,51.188,50,4.1,7.3006,350.39,1071.7,-102.6,21.792,0.0227
61.292,51.312,50,4.09,8.5488,354.37,901.1,-106.45,21.828,0.12
61.31,51.25,50,1.05,-3.4234,358.04,1055.7,-110.19,21.828,0.1382
61.329,51.188,50,4.05,-3.3669,1.6895,1130.4,-113.9,21.775,0.1591
61.343,51,50,4,-12.873,6.1621,1093.1,-118.56,21.81,0.1338
61.361,50.938,50,4,-3.6002,10.576,1093.1,-123.03,21.792,0.1396
61.378,50.875,50,3.95,-3.6756,13.635,965.09,-126.16,21.801,0.1426
61.392,50.812,50,-1,-4.312,17.498,901.1,-130.08,21.81,0.1227
61.409,50.812,50,3.82,0,20.432,959.75,-133.01,21.81,0.1688
61.424,50.688,50,3.67,-8.4599,23.665,911.76,-136.37,21.819,0.1201
61.44,50.625,50,3.66,-3.9407,28.008,879.77,-140.78,21.819,0.1206
61.459,50.375,50,3.58,-12.825,31.189,991.75,-144.21,21.81,0.1406
61.477,50.188,50,-1,-10.279,34.128,954.42,-147.34,21.792,0.2248
61.492,49.875,50,3.45,-21.341,38.611,1178.4,-152.13,21.81,0.1756
61.509,49.688,50,3.34,-10.944,43.115,1194.4,-156.82,21.801,0.1686
61.527,49.625,50,3.33,-3.433,46.482,885.1,-160.25,21.801,0.1737
61.548,49.75,50,3.31,6.1487,51.094,997.08,-164.74,21.801,0.1577
61.566,49.938,50,6.33,10.377,55.11,1167.7,-168.57,21.837,0.1595
61.583,50.25,50,3.32,18.169,59.441,1130.4,-172.59,21.828,0.143
61.597,50.438,50,3.43,13.037,62.71,1023.7,-175.67,21.828,0.0987
61.612,50.938,50,3.42,34.502,65.767,906.43,-178.22,21.81,0.0438
61.628,51,50,3.48,3.9644,68.433,975.75,179.17,21.828,0.0841
61.642,51,50,3.47,0,72.1,1082.4,175.51,21.81,0.1588
61.659,50.75,50,3.61,-14.657,76.284,1066.4,171.07,21.837,0.1334
61.677,50.625,50,3.76,-6.918,79.802,1109.1,167.43,21.757,0.1925
61.692,50.312,50,3.75,-21.491,83.843,917.1,163.07,21.801,0.1277
61.71,50,50,3.83,-17.14,87.168,757.14,159.44,21.792,0.1428
61.727,49.812,50,3.98,-11.028,89.736,799.79,156.68,21.766,0.1305
61.742,49.5,50,3.99,-21.586,93.601,991.75,152.5,21.837,0.1336
61.76,49.312,50,4.11,-10.26,97.776,981.08,148.14,21.775,0.1727
61.777,49.312,50,10.18,0,100.67,874.44,145.24,21.775,0.1439
61.791,49.25,50,4.18,-4.313,104.37,885.1,141.49,21.784,0.1364
61.81,49.188,50,4.33,-3.4231,108.24,1071.7,137.55,21.801,0.1645
61.828,49.188,50,4.33,0,111.71,1087.7,134.08,21.801,0.1565
61.841,49.312,50,4.47,9.4264,116.27,1183.7,129.64,21.792,0.1653
61.859,49.375,50,9.53,3.4227,119.86,1103.7,126.12,21.775,0.0906
61.874,49.562,50,4.53,12.798,123.41,1119.7,122.76,21.801,0.1357
61.888,49.625,50,4.61,4.347,126.8,1002.4,119.43,21.801,0.0371
61.903,49.812,50,4.62,12.958,130.21,1023.7,116.21,21.837,0.1279
61.917,49.938,50,4.66,8.6284,132.98,922.43,113.56,21.837,0.0568
61.932,50.125,50,4.67,12.926,136.48,1050.4,110.25,21.784,0.1135
61.947,50.188,50,4.67,4.0013,139.68,1141,107.11,21.81,0.135
61.961,50.188,50,4.68,0,143.97,1199.7,102.82,21.792,0.1437
61.978,50.188,50,4.61,0,147.54,1130.4,99.256,21.775,0.1497
61.992,50.188,50,-0.44,0,151.76,933.09,95.029,21.81,0.1394
62.01,50.25,50,4.57,3.4247,155.37,938.42,91.484,21.81,0.1248
62.027,50.25,50,4.47,0,158.29,997.08,88.564,21.837,0.1014
62.042,50.188,50,4.48,-4.3141,162.65,1087.7,84.146,21.837,0.1457
62.06,50.125,50,4.37,-3.4245,167.19,1157,79.545,21.775,0.164
62.077,50.125,50,4.33,0,170.69,1130.4,76.044,21.792,0.1823
62.092,50.25,50,4.34,8.6277,174.98,1018.4,71.874,21.792,0.152
62.11,50.312,50,4.23,3.4235,178.56,879.77,68.358,21.819,0.1114
62.127,50.375,50,4.24,3.6489,181.5,1029.1,65.478,21.81,0.117
62.142,50.375,50,4.13,0,185.92,1130.4,61.059,21.837,0.1325
62.16,50.312,50,4.09,-3.4235,190.44,1141,56.48,21.801,0.1454
62.178,50.188,50,4.09,-6.8107,194.19,1114.4,52.605,21.784,0.1555
62.193,50,50,4.01,-12.931,198.64,1071.7,47.969,21.81,0.1628
62.21,49.875,50,4.01,-7.3468,202.95,1183.7,43.531,21.837,0.1614
62.228,49.875,50,3.94,0,206.38,1023.7,40.096,21.801,0.2283
62.242,50,50,3.94,8.6137,210.69,1050.4,35.919,21.801,0.1409
62.261,50.188,50,3.93,10.269,214.67,1087.7,32.122,21.784,0.1252
62.278,50.25,50,3.93,3.676,218.06,1087.7,28.798,21.792,0.0387
62.292,50.375,50,3.95,8.6351,222.82,1098.4,24.16,21.801,0.1433
62.31,50.5,50,3.96,6.8336,227.11,1093.1,19.998,21.81,0.0972
62.327,50.5,50,3.96,0,230.28,1007.7,16.829,21.792,0.0865
62.342,50.438,50,4.04,-4.3124,234.42,970.42,12.621,21.792,0.1368
62.36,50.312,50,4.08,-6.8506,238.04,1007.7,8.8777,21.81,0.1372
62.378,50.312,50,4.08,0,241.32,1039.7,5.5989,21.721,0.1661
62.393,50.375,50,4.14,4.3099,245.9,1157,1.0837,21.819,0.1452
62.41,50.438,50,4.14,3.6701,250.37,1109,-3.3264,21.81,0.1448
62.428,50.438,50,4.21,0,253.67,1018.4,-6.6272,21.81,0.1393
62.442,50.5,50,4.23,4.3062,258.15,1061.1,-11.042,21.801,0.1276
62.461,50.438,50,4.23,-3.423,262.37,1135.7,-15.328,21.837,0.1435
62.478,50.375,50,4.27,-3.6506,265.89,1173,-18.909,21.819,0.1556
62.492,50.25,50,4.28,-8.5482,270.49,1167.7,-23.631,21.819,0.1477
62.511,50,50,4.28,-13.687,274.82,1034.4,-28.217,21.792,0.1482
62.528,49.938,50,4.29,-3.6811,277.95,981.08,-31.409,21.784,0.226
62.542,49.812,50,4.29,-8.5475,282.18,1119.7,-35.761,21.792,0.1588
62.561,49.75,50,4.29,-3.4253,286.91,1183.7,-40.559,21.739,0.1468
62.578,49.75,50,4.28,0,290.82,1322.3,-44.466,21.775,0.2103
62.592,49.812,50,2.27,4.3156,296.37,1295.7,-49.95,21.784,0.1602
62.61,50,50,4.27,10.27,301.03,1109,-54.423,21.81,0.1466
62.627,50.125,50,4.25,7.3561,304.25,1002.4,-57.523,21.81,0.0514
62.642,50.375,50,4.25,17.21,308.79,997.07,-61.807,21.775,0.1266
62.66,50.5,50,4.24,6.8533,312.69,906.43,-65.583,21.81,0.1092
62.678,50.438,50,4.24,-3.4203,315.79,1045.1,-68.746,21.81,0.0784
62.693,50.375,50,4.25,-4.3188,320.14,1162.4,-73.159,21.819,0.146
62.71,50.25,50,4.24,-7.3478,323.86,1306.3,-77,21.819,0.1713
62.724,50.062,50,4.24,-13.059,327.82,1274.3,-81.155,21.775,0.2358
62.739,50.062,50,4.21,0,331.96,1082.4,-85.293,21.792,0.1948
62.752,50.125,50,-1,4.723,335.85,1077.1,-89.117,21.792,0.1435
62.768,50.125,50,4.14,0,338.99,1013.1,-92.262,21.819,0.1241
62.782,50.312,50,4.05,12.922,342.76,1109,-95.846,21.837,0.1568
62.798,50.375,50,4.05,3.9683,346.04,1098.4,-99.065,21.819,0.1302
62.811,50.562,50,3.99,14.137,349.74,981.08,-102.58,21.819,0.1052
62.828,50.625,50,-1,3.6815,352.83,997.08,-105.6,21.828,0.0592
62.843,50.562,50,3.88,-4.2708,356.88,1125,-109.72,21.837,0.1367
62.861,50.375,50,3.78,-10.194,1.4575,1146.4,-114.48,21.792,0.1831
62.878,50.312,50,3.78,-3.6786,5.4785,1338.3,-118.56,21.801,0.2848
62.893,50.188,50,3.74,-8.6226,10.415,1210.4,-123.62,21.81,0.155
62.911,50.188,50,3.69,0,14.629,1066.4,-127.84,21.792,0.1531
62.928,50.25,50,3.68,3.6743,17.786,959.75,-130.93,21.792,0.1294
62.942,50.375,50,3.62,8.6222,22.129,1055.7,-135.15,21.81,0.139
62.961,50.5,50,3.57,6.8079,26.094,1002.4,-138.99,21.81,0.1284
62.978,50.5,50,3.56,0,29.028,890.43,-141.92,21.819,0.0859
62.992,50.5,50,3.46,0,32.888,975.75,-145.78,21.801,0.1305
63.01,50.312,50,-1,-10.272,36.768,1098.4,-149.85,21.801,0.1444
63.029,50.188,50,3.35,-6.7992,40.547,1093.1,-153.75,21.792,0.1384
63.043,50,50,3.31,-13.054,45.171,1205,-158.57,21.81,0.2065
63.06,49.938,50,-0.74,-3.6736,49.336,1109,-162.79,21.837,0.1622
63.078,49.938,50,3.24,0,52.512,949.09,-165.97,21.792,0.1627
63.093,50.062,50,2.22,8.569,56.65,1082.4,-169.98,21.801,0.1445
63.11,50.125,50,3.21,3.6506,59.929,1050.4,-173.2,21.792,0.0649
63.125,50.5,50,5.22,25.873,63.23,986.41,-176.13,21.819,0.1004
63.138,50.688,50,3.21,14.286,65.835,954.42,-178.54,21.81,0.016
63.152,50.812,50,3.23,8.6251,69.05,906.43,178.37,21.81,0.1069
63.168,50.75,50,10.3,-3.9675,71.894,1007.7,175.46,21.837,0.0745
63.182,50.375,50,3.29,-25.858,75.547,1093.1,171.43,21.801,0.1784
63.198,50.188,50,3.3,-11.777,79.043,1098.4,167.75,21.775,0.3618
63.213,49.625,50,7.33,-38.925,82.568,1119.7,163.66,21.81,0.2724
63.229,49.438,50,3.32,-11.831,86.052,954.42,159.99,21.775,0.1218
63.242,49.062,50,3.35,-28.512,90.418,1167.7,155.25,21.819,0.1513
63.261,49.062,50,3.34,0,94.727,1194.4,150.94,21.792,0.2292
63.278,49.25,50,3.34,11.098,98.264,943.76,147.59,21.819,0.1276
63.293,49.688,50,3.33,30.195,102.29,762.47,144,21.801,0.1112
63.311,50.125,50,3.36,23.991,105.64,906.43,141.09,21.819,0.1063
63.328,50.312,50,3.39,11.02,108.41,1050.4,138.5,21.81,0.0188
63.342,50.562,50,3.39,17.254,113.08,1194.4,134.09,21.792,0.1456
63.361,50.75,50,3.4,10.257,117.95,1135.7,129.4,21.801,0.138
63.379,50.875,50,3.39,6.8583,121.63,1061.1,125.85,21.828,0.0851
63.393,51,50,3.45,8.5931,125.62,1007.7,121.98,21.828,0.1371
63.411,51.125,50,9.51,7.3177,129.06,853.11,118.67,21.792,0.1168
63.429,51.125,50,3.5,0,131.64,831.78,116.09,21.81,0.0744
63.443,51.188,50,3.53,4.3551,135.23,965.08,112.56,21.828,0.1184
63.461,51.062,50,7.57,-6.8457,139.16,1018.4,108.5,21.775,0.1287
63.478,50.938,50,3.57,-7.3865,142.41,1098.4,105.14,21.757,0.1721
63.493,50.625,50,3.57,-21.599,146.68,938.42,100.55,21.837,0.1212
63.511,50.375,50,3.57,-13.72,150.21,879.77,96.767,21.792,0.1707
63.528,50.312,50,3.57,-3.6924,152.79,799.79,94.132,21.81,0.1043
63.541,50.125,50,3.55,-14.03,156.85,997.08,89.884,21.784,0.1379
63.561,49.938,50,3.55,-9.6169,160.94,1050.4,85.597,21.801,0.1655
63.578,49.875,50,3.52,-3.6852,164.29,1135.7,82.185,21.748,0.1414
63.592,49.875,50,3.51,0,169.25,1125,77.232,21.766,0.1698
63.611,50,50,3.5,6.8187,173.35,975.75,73.258,21.81,0.137
63.629,50.125,50,3.48,6.8317,176.49,911.76,70.238,21.828,0.1231
63.642,50.312,50,3.47,14.199,180.21,1018.4,66.702,21.837,0.124
63.66,50.562,50,3.48,13.668,184.28,986.41,62.885,21.792,0.1222
63.679,50.688,50,3.48,6.8112,187.93,1226.4,59.36,21.792,0.0794
63.693,50.75,50,3.47,4.3164,192.58,1114.4,54.777,21.837,0.138
63.712,50.75,50,3.52,0,196.88,1029.1,50.477,21.775,0.1282
63.728,50.75,50,3.52,0,200.37,1087.7,46.986,21.819,0.1335
63.743,50.938,50,3.58,12.906,204.9,1055.7,42.642,21.801,0.1304
63.761,51.125,50,3.61,10.269,208.65,917.1,39.077,21.837,0.1124
63.778,51.188,50,3.61,3.6719,211.29,842.45,36.498,21.81,0.0461
63.793,51.25,50,3.63,4.3183,214.79,863.78,33.062,21.792,0.1059
63.811,51.125,50,3.62,-6.8512,218.46,938.42,29.273,21.81,0.1131
63.828,51,50,3.59,-7.4087,221.31,1007.7,26.296,21.775,0.1897
63.842,50.562,50,3.57,-30.166,225.51,1055.7,21.662,21.828,0.1421
63.861,50.062,50,3.56,-27.395,229.23,970.42,17.439,21.81,0.1418
63.879,49.812,50,3.5,-13.675,231.9,895.77,14.518,21.775,0.3308
63.893,49.438,50,3.49,-26.147,235.49,943.76,10.554,21.784,0.1257
63.912,49.375,50,3.4,-3.4259,239.53,1098.4,6.4485,21.801,0.1667
63.929,49.375,50,3.37,0,242.92,1071.7,3.0598,21.81,0.1425
63.942,49.562,50,3.36,14.069,247.22,933.09,-1.0569,21.81,0.1432
63.961,49.75,50,3.34,9.6168,251.01,933.09,-4.656,21.792,0.1155
63.978,49.875,50,3.33,7.3304,254.07,1077.1,-7.5901,21.801,0.1518
63.992,50.062,50,3.35,14.068,258.8,1146.4,-12.134,21.792,0.159
64.011,50.25,50,3.35,9.6181,263.54,1103.7,-16.683,21.792,0.1294
64.028,50.312,50,3.35,3.7053,266.96,1173,-20.046,21.819,0.0721
64.043,50.5,50,3.37,12.919,271.35,1023.7,-24.241,21.81,0.1378
64.061,50.625,50,3.37,6.8525,275.12,863.78,-27.892,21.81,0.1066
64.079,50.688,50,3.36,3.3911,278.29,1050.4,-30.996,21.819,0.0777
64.094,50.875,50,3.35,12.853,282.45,1167.7,-34.969,21.801,0.1436
64.111,50.875,50,3.35,0,287.11,1061.1,-39.627,21.792,0.1265
64.129,50.875,50,3.31,0,290.92,1189,-43.436,21.837,0.1464
64.143,50.875,50,3.3,0,295.09,1093.1,-47.608,21.81,0.1417
64.161,50.75,50,3.23,-6.8481,298.96,965.09,-51.608,21.81,0.1261
64.179,50.688,50,1.21,-3.4214,302.05,986.41,-54.754,21.81,0.2086
64.194,50.438,50,3.2,-17.127,306.22,1098.4,-59.181,21.792,0.1508
64.211,50.062,50,3.19,-22.035,309.99,965.08,-63.318,21.81,0.1331
64.229,49.938,50,3.22,-6.8423,312.85,853.11,-66.309,21.801,0.4134
64.244,49.562,50,3.21,-25.703,316.62,1093.1,-70.456,21.801,0.1427
64.262,49.25,50,3.24,-17.126,320.93,1135.7,-75.071,21.792,0.1864
64.279,49.188,50,12.33,-3.6469,324.8,1263.7,-79.005,21.784,0.4509
64.294,49.188,50,3.32,0,330.01,1210.4,-84.215,21.792,0.1648
64.312,49.375,50,3.41,10.284,334.31,1061.1,-88.327,21.792,0.1483
64.329,49.5,50,3.41,7.338,337.57,938.42,-91.464,21.81,0.0362
64.344,49.875,50,3.44,25.475,341.57,1013.1,-95.088,21.792,0.1387
64.362,50.25,50,5.46,20.555,345.69,1119.7,-98.834,21.801,0.1122
64.379,50.438,50,3.46,10.931,349.23,1135.7,-102.19,21.819,0.0206
64.394,50.812,50,3.4,25.676,353.51,991.74,-106.09,21.801,0.1236
64.412,51.125,50,1.38,17.13,357.38,1050.4,-109.65,21.819,0.0923
64.429,51.25,50,3.38,7.3398,0.6152,1162.4,-112.76,21.81,0.02
64.443,51.375,50,3.34,8.5587,5.2905,1141,-117.31,21.81,0.149
64.462,51.5,50,3.34,6.8459,9.5483,1082.4,-121.44,21.837,0.1328
64.479,51.5,50,3.33,0,12.698,986.41,-124.59,21.828,0.0768
64.493,51.5,50,4.34,0,16.738,949.09,-128.63,21.819,0.1207
64.512,51.375,50,3.34,-6.8474,20.281,943.76,-132.3,21.81,0.1121
64.529,51.25,50,3.34,-7.3346,22.976,847.78,-135.12,21.801,0.1145
64.542,50.875,50,3.37,-28.074,26.201,778.46,-138.72,21.828,0.0998
64.562,50.312,50,3.37,-28.888,29.028,831.78,-142.11,21.801,0.1161
64.578,49.938,50,3.38,-22.169,31.67,933.09,-145.13,21.81,0.3565
64.592,49.312,50,3.36,-46.886,36.079,1317,-150.16,21.801,0.1864
64.611,48.938,50,3.36,-19.224,40.537,1061.1,-154.99,21.757,0.1583
64.63,48.875,50,3.36,-3.4179,43.711,901.1,-158.23,21.757,0.1356
64.643,49,50,3.35,9.4553,47.398,847.78,-161.79,21.801,0.1351
64.661,49.188,50,3.35,10.207,51.238,986.41,-165.45,21.792,0.1419
64.679,49.312,50,3.37,6.8488,54.617,1119.7,-168.7,21.792,0.1229
64.694,49.688,50,3.42,25.865,59.092,1039.7,-172.8,21.837,0.1416
64.711,50.125,50,5.44,25.737,62.954,837.11,-176.22,21.792,0.1119
64.729,50.25,50,3.44,6.8451,65.671,959.75,-178.82,21.837,0.0397
64.744,50.5,50,3.49,17.256,69.421,943.75,177.68,21.792,0.1157
64.762,50.625,50,3.49,6.7966,73.359,1029.1,173.87,21.775,0.116
64.779,50.625,50,3.54,0,76.772,1173,170.46,21.819,0.0958
64.794,50.75,50,3.57,8.5454,81.099,1002.4,166.26,21.81,0.1203
64.812,50.812,50,3.57,3.4509,84.783,853.11,162.63,21.828,0.1072
64.829,50.812,50,3.63,0,87.412,874.44,160.01,21.81,0.1033
64.843,50.75,50,3.63,-4.3144,91.047,895.77,156.31,21.801,0.1199
64.862,50.688,50,3.7,-3.447,94.619,997.08,152.67,21.784,0.1248
64.878,50.625,50,3.74,-3.6872,97.339,874.44,149.89,21.81,0.1152
64.892,50.562,50,3.75,-4.7037,100.88,810.45,146.29,21.837,0.1213
64.911,50.375,50,3.86,-9.6101,103.96,853.11,143.02,21.819,0.1045
64.93,50.25,50,11.95,-6.7946,106.92,895.77,139.93,21.819,0.234
64.944,50,50,3.95,-17.272,110.93,1039.7,135.68,21.819,0.1641
64.961,49.875,50,3.99,-7.3523,114.88,1077.1,131.6,21.81,0.1495
64.979,49.812,50,4,-3.425,118.09,949.09,128.33,21.784,0.1433
64.993,49.812,50,4.05,0,121.82,933.09,124.6,21.828,0.1345
65.012,49.875,50,4.06,3.2069,125.51,917.1,120.97,21.819,0.1321
65.029,49.875,50,4.07,0,128.29,949.09,118.19,21.819,0.1014
65.044,50,50,4.06,8.6308,131.96,911.76,114.65,21.81,0.1253
65.062,50,50,4.03,0,135.58,1018.4,111.02,21.801,0.0795
65.079,50,50,-0,0,138.57,1023.7,108.03,21.792,0.148
65.093,49.938,50,4,-4.3142,142.97,1082.4,103.57,21.828,0.1385
65.112,49.938,50,3.97,0,146.78,933.09,99.758,21.828,0.131
65.129,50,50,3.98,3.6658,149.56,879.77,97.049,21.801,0.1196
65.142,50,50,3.94,0,153.42,965.08,93.187,21.792,0.1245
65.162,49.938,50,3.88,-3.2099,157.25,1034.4,89.296,21.819,0.1279
65.18,49.938,50,3.88,0,160.59,1034.4,85.956,21.801,0.1353
65.194,50,50,3.83,4.3461,165.07,1173,81.536,21.81,0.1424
65.211,50.188,50,-1,11.031,169.45,1039.7,77.342,21.784,0.1345
65.229,50.312,50,3.72,6.8513,172.53,869.11,74.39,21.81,0.041
65.244,50.5,50,3.59,13.046,175.92,762.47,71.187,21.819,0.0916
65.262,50.562,50,3.59,3.4229,179.11,901.1,68.061,21.792,0.0674
65.279,50.562,50,3.54,0,182.05,975.75,65.114,21.81,0.0984
65.294,50.5,50,3.54,-4.3127,186.23,1087.7,60.872,21.837,0.1361
65.312,50.25,50,3.42,-13.81,190.33,986.41,56.52,21.837,0.1294
65.33,50.125,50,-1,-6.7998,193.49,981.08,53.236,21.837,0.2454
65.345,49.875,50,3.28,-17.252,197.21,981.08,49.273,21.784,0.1309
65.361,49.75,50,3.13,-7.4,201.09,1098.4,45.261,21.81,0.1476
65.38,49.812,50,3.06,3.4269,204.26,959.75,42.162,21.801,0.204
65.393,49.875,50,3.05,4.6607,208.24,1007.7,38.237,21.757,0.1405
65.411,49.938,50,2.96,3.411,212.07,911.76,34.474,21.792,0.1267
65.43,50,50,2.92,3.4211,215.11,1002.4,31.495,21.81,0.1182
65.444,50.125,50,2.91,8.6249,219.1,1002.4,27.633,21.801,0.1372
65.461,50.188,50,2.84,3.6705,222.05,959.75,24.744,21.828,0.0583
65.476,50.312,50,2.83,8.6423,224.99,959.75,21.932,21.81,0.1097
65.49,50.375,50,2.83,4.3039,227.95,1007.7,19.03,21.828,0.0783
65.505,50.375,50,2.82,0,231.09,917.1,15.886,21.81,0.0862
65.519,50.438,50,2.87,4.2952,233.89,959.75,13.148,21.801,0.1373
65.534,50.5,50,2.9,4.2833,237.27,1034.4,9.8391,21.801,0.0808
65.55,50.562,50,2.89,3.9311,240.69,1002.4,6.4739,21.81,0.1035
65.564,50.562,50,2.97,0,244.08,933.09,3.0876,21.792,0.0894
65.579,50.562,50,2.99,0,246.63,778.46,0.5339,21.819,0.1027
65.593,50.438,50,2.98,-8.7052,249.99,751.8,-2.948,21.792,0.0985
65.611,50.312,50,3.04,-6.8486,253.19,895.77,-6.2688,21.801,0.1272
65.63,50.188,50,3.03,-6.8396,256.26,1007.7,-9.4724,21.801,0.1603
65.644,50,50,3.09,-12.957,260.54,1146.4,-13.932,21.792,0.1701
65.662,49.812,50,3.09,-10.268,264.68,1013.1,-18.265,21.801,0.1458
65.679,49.688,50,3.15,-7.3544,267.79,938.42,-21.498,21.801,0.1534
65.694,49.625,50,3.17,-4.3116,271.63,975.75,-25.401,21.792,0.13
65.712,49.688,50,3.17,3.4243,275.27,954.42,-28.981,21.801,0.1279
65.729,49.75,50,3.25,3.6739,278.34,965.08,-31.983,21.801,0.1177
65.744,49.875,50,3.3,8.6304,282.51,1082.4,-36.03,21.81,0.1474
65.762,49.938,50,11.38,3.4485,286.68,922.43,-40.138,21.828,0.1094
65.78,49.938,50,3.38,0,290.03,1050.4,-43.492,21.792,0.1096
65.795,50,50,3.46,4.3157,293.9,938.42,-47.294,21.801,0.1241
65.812,50,50,3.46,0,297.62,933.09,-51.015,21.792,0.1174
65.83,49.938,50,3.48,-3.423,300.64,965.08,-54.102,21.784,0.1355
65.844,49.875,50,3.48,-4.3144,304.55,959.75,-58.069,21.775,0.1402
65.861,49.812,50,3.47,-3.6739,307.58,1007.7,-61.166,21.792,0.1395
65.876,49.812,50,3.45,0,310.53,821.12,-64.11,21.801,0.1332
65.89,49.812,50,3.45,0,313.3,837.11,-66.886,21.81,0.1117
65.905,49.812,50,3.42,0,316.37,927.76,-69.95,21.792,0.1242
65.919,49.812,50,3.36,0,319.61,1098.4,-73.19,21.854,0.1519
65.934,49.812,50,3.36,0,323.66,1167.7,-77.242,21.81,0.148
65.95,49.875,50,3.31,3.9434,327.4,1119.7,-80.923,21.801,0.1601
65.964,50.125,50,3.28,17.426,331.14,965.08,-84.406,21.81,0.1322
65.98,50.312,50,3.28,11.899,334.04,927.76,-87.121,21.801,0.0654
65.993,50.688,50,3.27,27.771,337.65,826.45,-90.362,21.828,0.1019
66.012,50.938,50,3.27,13.704,341.26,874.44,-93.715,21.828,0.1012
66.03,51,50,3.29,3.421,344.38,927.76,-96.77,21.819,0.0179
66.044,51.062,50,3.3,4.3198,348.04,799.79,-100.37,21.81,0.0993
66.063,50.938,50,3.3,-6.8487,351.01,778.46,-103.47,21.819,0.0889
66.08,50.812,50,3.35,-7.3463,353.41,826.45,-106,21.801,0.1755
66.094,50.5,50,3.35,-21.561,357.23,1045.1,-110.12,21.792,0.1198
66.113,50.188,50,3.41,-17.008,1.2207,1007.7,-114.43,21.819,0.1815
66.13,50.062,50,3.44,-7.3508,4.4214,901.1,-117.75,21.792,0.3218
66.144,49.875,50,3.49,-13.051,8.1934,965.08,-121.71,21.792,0.1321
66.162,49.75,50,3.49,-6.8522,11.653,895.77,-125.3,21.801,0.1237
66.179,49.75,50,3.5,0,14.219,911.76,-127.86,21.801,0.1825
66.194,49.688,50,3.49,-4.3222,18.245,959.75,-131.95,21.792,0.1221
66.212,49.625,50,3.49,-3.447,21.926,895.77,-135.7,21.819,0.1171
66.23,49.625,50,3.44,0,24.49,751.8,-138.26,21.801,0.1185
66.245,49.625,50,-1,0,27.883,869.11,-141.65,21.819,0.1143
66.262,49.625,50,3.39,0,30.679,1002.4,-144.45,21.819,0.1252
66.276,49.688,50,3.36,4.3416,34.031,1082.4,-147.74,21.81,0.1493
66.29,49.812,50,3.36,8.6334,37.573,1125,-151.16,21.792,0.1446
66.305,50.188,50,3.28,26.097,41.023,922.43,-154.23,21.81,0.0849
66.319,50.375,50,-1,12.916,43.887,933.09,-156.91,21.81,0.0249
66.334,50.812,50,3.19,30.156,46.958,831.78,-159.54,21.792,0.0395
66.35,50.938,50,3.14,7.943,49.748,954.42,-162.21,21.81,0.0309
66.364,51.188,50,3.14,17.416,52.993,949.09,-165.2,21.81,0.0665
66.38,51.312,50,3.08,7.8646,56.011,1055.7,-168.09,21.837,0.1284
66.393,51.5,50,3.08,14.166,59.919,810.45,-171.81,21.819,0.104
66.413,51.562,50,3.05,3.1825,62.8,671.82,-174.63,21.828,0.0884
66.43,51.5,50,3.04,-3.6763,64.663,687.82,-176.56,21.846,0.0849
66.444,51.125,50,3.03,-26.091,67.519,826.45,-179.79,21.828,0.1061
66.462,50.562,50,3.02,-30.834,70.769,901.1,176.4,21.792,0.1361
66.479,50.188,50,3.06,-21.883,73.513,890.43,173.28,21.819,0.3036
66.494,49.688,50,3.09,-34.496,77.295,922.43,169,21.792,0.117
66.512,49.312,50,3.08,-20.554,80.293,810.45,165.62,21.801,0.1209
66.53,49.188,50,3.13,-6.8499,82.568,666.49,163.22,21.766,0.1261
66.544,48.812,50,8.18,-28.015,85.635,783.79,159.78,21.801,0.1279
66.562,48.562,50,3.18,-13.613,89.246,1023.7,155.92,21.81,0.1788
66.579,48.562,50,3.21,0,92.293,901.1,152.87,21.784,0.2582
66.593,48.688,50,9.27,9.4659,96.282,879.77,149.01,21.81,0.1276
66.612,49.062,50,3.27,19.232,99.412,783.79,146.26,21.837,0.1074
66.63,49.312,50,3.33,13.688,102.03,895.77,143.88,21.81,0.0284
66.645,49.812,50,5.35,34.507,105.83,1029.1,140.59,21.792,0.1241
66.663,50.375,50,3.35,30.742,110.02,959.75,136.96,21.801,0.1116
66.68,50.75,50,3.41,21.95,113.32,1114.4,134.04,21.81,0.0463
66.695,51.375,50,3.41,43.126,117.36,959.75,130.62,21.828,0.1091
66.713,52,50,3.44,34.259,120.94,789.13,127.66,21.819,0.0234
66.73,52.188,50,3.44,10.988,123.44,922.43,125.36,21.837,0.1115
66.743,52.438,50,3.44,18.598,126.62,666.49,122.42,21.828,0.0797
66.763,52.5,50,3.45,3.2054,129.56,698.48,119.55,21.846,0.0665
66.78,52.438,50,3.45,-3.6735,131.66,687.82,117.38,21.81,0.0568
66.794,52.062,50,3.41,-25.887,134.41,746.47,114.25,21.837,0.0938
66.813,51.5,50,3.4,-30.8,137.27,799.79,110.83,21.792,0.1533
66.83,51.062,50,-0.65,-25.724,139.71,842.45,107.95,21.81,0.3758
66.844,50.375,50,3.35,-47.074,143.08,917.09,103.9,21.801,0.124
66.863,49.75,50,3.32,-34.176,145.97,778.46,100.39,21.81,0.1211
66.88,49.562,50,3.32,-11.045,148.16,719.81,98.003,21.766,0.2076
66.894,49.062,50,3.3,-34.407,151.38,879.77,94.288,21.81,0.1225
66.912,48.75,50,-0.74,-17.042,154.93,970.41,90.423,21.784,0.1458
66.929,48.625,50,3.25,-7.3506,157.9,997.07,87.334,21.748,0.2128
66.944,48.625,50,3.24,0,162.48,1173,82.749,21.775,0.1642
66.962,48.938,50,3.24,17.121,166.97,1066.4,78.57,21.784,0.1396
66.98,49.125,50,3.24,10.269,170.26,911.76,75.466,21.819,0.0268
66.995,49.625,50,3.24,34.484,173.37,655.82,72.863,21.828,0.0974
67.012,49.875,50,3.22,14.714,175.53,773.13,70.952,21.828,0.0291
67.026,50.188,50,3.22,21.729,178.26,933.09,68.531,21.828,0.0284
67.041,50.312,50,3.22,8.5997,181.17,1029.1,65.745,21.819,0.1268
67.055,50.625,50,3.24,21.423,184.58,1018.4,62.647,21.792,0.0653
67.07,50.75,50,3.24,8.5696,187.66,997.07,59.691,21.775,0.0136
67.084,50.875,50,3.26,8.6725,190.75,821.12,56.725,21.828,0.0524
67.1,50.812,50,3.26,-3.9622,193.14,746.47,54.275,21.828,0.051
67.115,50.688,50,3.26,-8.6436,195.68,741.13,51.611,21.81,0.1317
67.13,50.562,50,3.26,-7.9186,198.1,821.12,49.072,21.775,0.1666
67.145,50.438,50,3.25,-8.63,201.64,869.1,45.407,21.792,0.1228
67.163,50.375,50,3.24,-3.4265,204.9,821.12,42.085,21.819,0.1163
67.18,50.312,50,3.23,-3.6684,207.17,682.48,39.744,21.792,0.0991
67.195,50.125,50,2.35,-12.96,210.08,735.8,36.652,21.792,0.1078
67.213,49.875,50,2.34,-13.678,213.18,821.12,33.303,21.784,0.1445
67.23,49.812,50,2.4,-3.6795,215.83,853.11,30.59,21.801,0.298
67.245,49.688,50,2.39,-8.4769,219.48,895.76,26.81,21.792,0.1232
67.263,49.562,50,2.48,-6.8537,222.73,789.12,23.433,21.792,0.1315
67.28,49.5,50,2.56,-3.6726,224.96,783.79,21.141,21.81,0.1786
67.294,49.438,50,2.55,-4.3517,228.23,815.78,17.812,21.801,0.123
67.313,49.562,50,2.67,6.8504,231.38,911.76,14.79,21.775,0.1227
67.331,49.625,50,2.67,3.3968,234.1,917.09,12.128,21.792,0.0924
67.345,49.875,50,2.77,17.279,237.98,991.74,8.5012,21.792,0.1304
67.362,50.125,50,2.81,14.804,241.45,821.12,5.2844,21.828,0.105
67.381,50.25,50,10.89,6.8034,243.98,757.13,2.8728,21.81,0.1133
67.394,50.375,50,2.9,9.3494,246.88,645.16,0.1047,21.81,0.0813
67.412,50.312,50,2.95,-3.4215,249.64,719.81,-2.719,21.828,0.0892
67.431,50.25,50,2.96,-3.4267,252.3,842.44,-5.4475,21.792,0.1217
67.445,50,50,2.98,-17.079,255.98,981.08,-9.3718,21.81,0.1209
67.464,49.688,50,2.98,-17.02,259.73,970.41,-13.437,21.784,0.1272
67.481,49.5,50,2.99,-10.948,262.68,826.45,-16.578,21.792,0.2448
67.495,49.438,50,2.94,-4.2743,266.03,821.12,-19.986,21.792,0.1272
67.512,49.5,50,-0.09,3.7029,268.32,719.81,-22.218,21.792,0.1103
67.527,49.688,50,2.91,12.933,270.89,842.44,-24.599,21.81,0.0854
67.541,49.812,50,2.83,8.6213,273.74,917.09,-27.318,21.819,0.0327
67.556,50.062,50,-1,17.232,276.93,1050.4,-30.259,21.775,0.0995
67.57,50.188,50,2.79,8.6239,279.83,1002.4,-33.042,21.828,0.045
67.585,50.25,50,2.73,4.3132,283.16,943.75,-36.307,21.846,0.0865
67.6,50.312,50,0.71,3.969,285.67,906.43,-38.754,21.81,0.1239
67.614,50.25,50,2.71,-4.7131,288.49,911.76,-41.639,21.792,0.1068
67.631,50.188,50,2.66,-3.6696,291.18,853.11,-44.387,21.828,0.1571
67.645,49.938,50,0.63,-17.283,294.78,986.41,-48.238,21.81,0.1307
67.664,49.625,50,2.63,-16.979,298.39,970.42,-52.159,21.81,0.1303
67.681,49.5,50,2.61,-7.3562,301.12,874.44,-55.018,21.828,0.3178
67.695,49.312,50,3.62,-12.844,304.61,901.1,-58.695,21.775,0.1343
67.713,49.25,50,2.61,-3.4461,307.85,895.77,-61.992,21.775,0.1655
67.73,49.25,50,2.63,0,310.4,805.12,-64.546,21.775,0.1522
67.745,49.125,50,4.65,-8.6334,314.3,1007.7,-68.567,21.81,0.1348
67.763,49.125,50,2.65,0,318.49,1093.1,-72.764,21.81,0.1794
67.78,49.188,50,2.67,3.6732,321.67,1013.1,-75.873,21.801,0.1501
67.795,49.438,50,2.67,17.266,326,890.44,-79.956,21.819,0.1151
67.813,49.812,50,2.68,20.556,329.45,778.46,-83.036,21.792,0.104
67.831,50.062,50,3.69,13.69,332.2,869.11,-85.537,21.81,0.0966
67.846,50.438,50,2.69,25.857,335.77,986.41,-88.732,21.81,0.0784
67.863,50.75,50,2.72,18.53,339.46,874.44,-92.106,21.801,0.1012
67.881,50.938,50,2.72,10.267,342.53,1050.4,-94.985,21.819,0.0682
67.895,51.312,50,2.76,25.639,346.57,1029.1,-98.657,21.766,0.1208
67.912,51.438,50,2.77,7.4119,349.26,858.45,-101.22,21.81,0.025
67.927,51.812,50,4.8,25.621,351.86,874.44,-103.44,21.828,0.0676
67.941,51.875,50,2.8,4.3022,354.25,815.79,-105.77,21.81,0.0257
67.956,51.812,50,2.82,-4.3215,356.8,863.78,-108.38,21.81,0.0718
67.97,51.75,50,2.82,-4.3092,359.38,847.78,-111.02,21.792,0.107
67.985,51.5,50,2.83,-17.254,2.4756,858.44,-114.37,21.828,0.1346
68.001,51.375,50,3.84,-7.8769,5.2759,842.45,-117.3,21.792,0.1896
68.015,51.062,50,2.85,-21.348,7.9248,773.13,-120.26,21.801,0.1376
68.031,50.875,50,2.83,-11.903,10.293,661.16,-122.81,21.81,0.2437
68.046,50.5,50,1.82,-25.857,13.096,709.15,-125.99,21.819,0.099
68.063,50.312,50,2.82,-11.036,15.496,719.81,-128.58,21.784,0.2125
68.077,49.938,50,2.78,-25.832,18.23,666.49,-131.69,21.828,0.1715
68.092,49.812,50,2.78,-8.6227,20.693,634.5,-134.28,21.828,0.328
68.106,49.5,50,2.73,-21.549,22.91,549.19,-136.81,21.81,0.0936
68.121,49.312,50,2.71,-12.952,24.961,703.81,-139.04,21.801,0.1905
68.135,49.125,50,2.71,-12.911,27.778,853.11,-142.05,21.801,0.1941
68.151,49.062,50,2.69,-3.9732,30.908,949.09,-145.24,21.792,0.1861
68.166,49.188,50,2.69,8.5407,34.221,879.77,-148.43,21.81,0.142
68.181,49.312,50,2.7,7.9375,37.151,821.12,-151.23,21.819,0.0613
68.196,49.688,50,2.71,25.374,40.3,719.81,-154.01,21.801,0.0649
68.213,50.188,50,2.71,29.237,43.34,757.13,-156.55,21.828,0.0951
68.231,50.375,50,2.75,10.268,46.094,885.1,-159.11,21.837,0.019
68.246,50.812,50,2.75,30.183,49.758,906.43,-162.34,21.828,0.0457
68.263,51.125,50,2.8,18.343,52.991,666.49,-165.26,21.81,0.081
68.281,51.25,50,2.84,6.8211,55.359,757.13,-167.5,21.837,0.0226
68.296,51.438,50,2.84,12.903,58.377,698.48,-170.33,21.828,0.0788
68.314,51.438,50,2.85,0,61.257,725.14,-173.22,21.801,0.0681
68.331,51.375,50,1.84,-3.6715,63.503,666.49,-175.52,21.81,0.0843
68.346,51.188,50,2.84,-12.934,66.294,677.15,-178.5,21.837,0.0848
68.364,50.875,50,2.81,-17.126,69.06,719.81,178.42,21.828,0.1161
68.381,50.688,50,2.79,-11.044,71.291,778.46,176,21.819,0.3006
68.395,50.375,50,2.79,-21.377,74.231,794.46,172.75,21.837,0.1154
68.414,50.125,50,2.75,-13.686,76.963,735.81,169.77,21.81,0.1652
68.431,50.062,50,2.73,-3.6689,79.15,751.8,167.52,21.775,0.2501
68.445,49.812,50,2.72,-17.13,82.285,783.79,164.13,21.81,0.1084
68.464,49.625,50,2.71,-10.209,85.251,810.45,160.98,21.792,0.1513
68.481,49.625,50,2.7,0,87.627,757.13,158.6,21.81,0.2186
68.495,49.562,50,2.7,-4.2733,91.096,847.78,155.07,21.792,0.1165
68.514,49.688,50,2.71,6.8,94.348,879.77,151.94,21.819,0.1173
68.531,49.812,50,2.72,7.3607,96.826,751.8,149.59,21.828,0.0548
68.545,49.938,50,2.72,8.6033,99.871,693.15,146.67,21.828,0.0913
68.564,50,50,2.76,3.4071,102.64,746.47,143.97,21.819,0.0827
68.581,50,50,2.76,0,104.88,847.78,141.73,21.81,0.0791
68.595,50,50,2.82,0,108.42,885.1,138.19,21.801,0.1216
68.613,50,50,2.84,0,111.66,863.77,134.95,21.81,0.1155
68.631,50,50,2.84,0,114.28,821.12,132.33,21.81,0.112
68.646,50,50,2.87,0,117.36,778.46,129.24,21.81,0.101
68.664,49.938,50,2.88,-3.4305,120.26,682.48,126.28,21.828,0.0936
68.681,49.875,50,2.89,-3.671,122.42,767.8,124.06,21.801,0.1212
68.696,49.875,50,2.89,0,125.63,869.11,120.84,21.828,0.1222
68.714,49.812,50,2.89,-3.4204,128.68,783.79,117.74,21.837,0.104
68.731,49.812,50,2.92,0,130.85,746.47,115.57,21.846,0.1299
68.745,49.688,50,2.92,-8.6014,133.92,821.12,112.37,21.81,0.121
68.764,49.625,50,2.92,-3.4091,137.23,927.76,109,21.801,0.1448
68.781,49.625,50,2.91,0,139.95,906.43,106.28,21.801,0.1179
68.795,49.688,50,2.91,4.3233,143.57,789.12,102.72,21.819,0.1099
68.814,49.875,50,2.87,10.186,146.71,751.8,99.773,21.792,0.0909
68.831,50.062,50,2.87,11.04,149.07,751.8,97.597,21.81,0.063
68.845,50.312,50,2.81,17.257,152.6,799.79,94.315,21.81,0.101
68.864,50.562,50,2.77,13.605,155.93,746.47,91.242,21.81,0.1004
68.882,50.625,50,2.77,3.4168,158.76,858.44,88.47,21.854,0.0171
68.896,50.75,50,2.7,8.6493,162.11,911.76,85.243,21.828,0.0872
68.913,51,50,-1,14.698,165.96,863.77,81.64,21.819,0.0958
68.932,51.125,50,2.65,6.8499,168.59,821.12,79.143,21.801,0.023
68.946,51.375,50,2.61,17.244,171.48,607.84,76.503,21.846,0.0803
68.964,51.375,50,2.61,0,173.85,607.84,74.132,21.828,0.0749
68.981,51.312,50,2.54,-3.671,176.03,773.13,71.889,21.828,0.1002
68.996,51.125,50,2.52,-13.066,179.3,874.44,68.425,21.81,0.1018
69.014,50.938,50,2.52,-10.268,182.54,789.12,64.998,21.819,0.1703
69.031,50.875,50,2.45,-3.6779,184.8,767.8,62.675,21.81,0.1652
69.045,50.625,50,2.43,-17.245,187.88,730.47,59.349,21.854,0.0985
69.064,50.438,50,2.44,-10.206,190.43,762.46,56.612,21.81,0.1155
69.081,50.312,50,3.44,-7.2966,192.6,725.14,54.317,21.792,0.1685
69.095,50.062,50,2.44,-17.214,195.74,837.11,50.923,21.828,0.1087
69.114,49.938,50,2.47,-6.8542,199.05,917.09,47.497,21.81,0.121
69.132,49.938,50,2.49,0,201.5,698.48,45.043,21.792,0.1065
69.146,50,50,2.49,4.3117,204.36,693.15,42.247,21.792,0.0995
69.164,50.062,50,2.54,3.6463,207.29,767.8,39.382,21.775,0.1125
69.182,50.125,50,2.57,3.4026,210.08,879.77,36.647,21.792,0.1113
69.196,50.312,50,2.57,12.928,213.64,853.11,33.279,21.792,0.0932
69.214,50.625,0,2.63,18.25,217.22,661.16,30.011,21.828,0.0681
